id,case_name,brand,agency,year,current_award_category,current_category_bucket,suggested_category_bucket,confidence,evidence_signal,outbound_url,source_url
2000-cat-herders-eds,CAT HERDERS,EDS,FALLON NEW YORK,2000,,,Film,0.45,fallback_default,https://adland.tv/adnews/eds-cat-herders-2000-060-usa?page=1,https://lovetheworkmore.com/2000-2/
2000-launch-a-shameful-legacy-stamps-com,LAUNCH,A SHAMEFUL LEGACY – STAMPS.COM,WIEDEN+KENNEDY PORTLAND,2000,,,Film,0.45,fallback_default,https://pytka.com/stamps-a-shameful-legacy/,https://lovetheworkmore.com/2000-2/
2000-mettman-s-350-stamps-com,METTMAN S-350,STAMPS.COM,WIEDEN+KENNEDY PORTLAND,2000,,,Film,0.45,fallback_default,https://pytka.com/stampscom-mettman-s-350-30/,https://lovetheworkmore.com/2000-2/
2000-milk-fox-network,MILK,FOX NETWORK,CLIFF FREEMAN & PARTNERS NEW YORK,2000,,,Print,0.9,\b(print|press|newspaper|magazine|poster|billboard)\b,https://www.luerzersarchive.com/en/magazine/commercial-detail/fox-sports-26271.html,https://lovetheworkmore.com/2000-2/
2000-nature-channel-fox-network,NATURE CHANNEL,FOX NETWORK,CLIFF FREEMAN & PARTNERS NEW YORK,2000,,,Print,0.9,\b(print|press|newspaper|magazine|poster|billboard)\b,https://www.luerzersarchive.com/en/magazine/commercial-detail/fox-sports-26272.html,https://lovetheworkmore.com/2000-2/
2000-ranger-budget,RANGER,BUDGET,CLIFF FREEMAN & PARTNERS NEW YORK,2000,,,Print,0.9,\b(print|press|newspaper|magazine|poster|billboard)\b,https://www.luerzersarchive.com/en/magazine/commercial-detail/budget-car-rental-26285.html,https://lovetheworkmore.com/2000-2/
2000-the-running-woman-wowow,THE RUNNING WOMAN,WOWOW,DENTSU TOKYO,2000,,,Print,0.9,\b(print|press|newspaper|magazine|poster|billboard)\b,https://www.luerzersarchive.com/en/magazine/commercial-detail/wowow-26420.html,https://lovetheworkmore.com/2000-2/
2001-10socks-10socks-com,10SOCKS,10SOCKS.COM,BBDO DENMARK COPENHAGEN,2001,,,Digital,0.85,\b(digital|interactive|website|web|app|mobile)\b,https://www.oneclub.org/awards/theoneshow/-award/2892/10socks,https://lovetheworkmore.com/2001-2/
2001-absolut-la-absolut-vodka,ABSOLUT LA,ABSOLUT VODKA,TBWA\CHIAT\DAYNEW YORK,2001,,,Other,0.75,\b(outdoor|ooh|out-of-home|out of home)\b,https://www.oneclub.org/awards/theoneshow/-award/704/absolut-la,https://lovetheworkmore.com/2001-2/
2001-ant-matchbox,ANT,MATCHBOX,OGILVY SÃO PAULO,2001,,,Film,0.75,\b(film|tv commercial|video|cinema|case study|vimeo|youtube)\b,https://www.youtube.com/watch?v=CjB3eqBn4k8,https://lovetheworkmore.com/2001-2/
2001-bathroom-ikea,BATHROOM,IKEA,OUTSIDER LONDON,2001,,,Print,0.9,\b(print|press|newspaper|magazine|poster|billboard)\b,https://www.luerzersarchive.com/en/magazine/commercial-detail/ikea-19405.html,https://lovetheworkmore.com/2001-2/
2001-bbv-retirement-bbv,BBV RETIREMENT,BBV,CARILLO PASTORE EURO RSCG SÃO PAULO,2001,,,Film,0.75,\b(film|tv commercial|video|cinema|case study|vimeo|youtube)\b,https://www.youtube.com/watch?v=Kby6gdMS2Os,https://lovetheworkmore.com/2001-2/
2001-beautiful-hat-fiona-bennett,BEAUTIFUL HAT,FIONA BENNETT,SCHOLZ & FRIENDS BERLIN,2001,,,Print,0.9,\b(print|press|newspaper|magazine|poster|billboard)\b,https://www.luerzersarchive.com/en/magazine/print-detail/fiona-bennett-18843.html,https://lovetheworkmore.com/2001-2/
2001-bernadette-life-saver-shire,"BERNADETTE, LIFE SAVER",SHIRE,COLENSO BBDO AUCKLAND,2001,,,Film,0.75,\b(film|tv commercial|video|cinema|case study|vimeo|youtube)\b,https://www.youtube.com/watch?v=s-4UhP78xyU,https://lovetheworkmore.com/2001-2/
2001-bomb-squad-veronica-magazine,BOMB SQUAD,VERONICA MAGAZINE,VAN WALBEEK ETCETERA AMSTERDAM,2001,,,Film,0.45,fallback_default,https://www.adsoftheworld.com/campaigns/bomb-9109ab10-0b21-4bc4-8063-9a7e2a4ee93c,https://lovetheworkmore.com/2001-2/
2001-brunette-grizzly-natan,"BRUNETTE, GRIZZLY",NATAN,F/NAZCA SAATCHI & SAATCHI SÃO PAULO,2001,,,Film,0.75,\b(film|tv commercial|video|cinema|case study|vimeo|youtube)\b,https://www.youtube.com/watch?v=nQujWo8eOaI,https://lovetheworkmore.com/2001-2/
2001-business-as-usual-diesel,BUSINESS AS USUAL,DIESEL,PARADISET DDB STOCKHOLM,2001,,,Film,0.45,fallback_default,https://disgruntledharadrim.com/2012/05/10/speculative-art-the-daily-african-diesel-2001/,https://lovetheworkmore.com/2001-2/
2001-business-to-businessmen-giovanni-fcb,BUSINESS TO BUSINESSMEN,GIOVANNI FCB,GIOVANNI FCB SÃO PAULO,2001,,,Film,0.75,\b(film|tv commercial|video|cinema|case study|vimeo|youtube)\b,https://www.youtube.com/watch?v=znL4FmIANBE,https://lovetheworkmore.com/2001-2/
2001-career-path-sports-illustrated,CAREER PATH,SPORTS ILLUSTRATED,FALLON MINNEAPOLIS,2001,,,Film,0.45,fallback_default,https://stevedriggs.com/Sports-Illustrated,https://lovetheworkmore.com/2001-2/
2001-cemetery-weber-insurance,CEMETERY,WEBER INSURANCE,PUBLICIS CASADEVALL PEDRENO & PRG MADRID,2001,,,Film,0.75,\b(film|tv commercial|video|cinema|case study|vimeo|youtube)\b,https://www.youtube.com/watch?v=0oOLwHACvmU,https://lovetheworkmore.com/2001-2/
2001-condoms-car-motorcyclists-san-miguel,"CONDOMS, CAR, MOTORCYCLISTS",SAN MIGUEL,PUBLICIS CASADEVALL PEDRENO & PRG BARCELONA,2001,,,Film,0.75,\b(film|tv commercial|video|cinema|case study|vimeo|youtube)\b,https://www.youtube.com/watch?v=G7AotsjhY8Y,https://lovetheworkmore.com/2001-2/
2001-desk-shoe-hair-sparletta-bubble-blu,"DESK, SHOE, HAIR",SPARLETTA BUBBLE BLU,LOWE LINTAS BULL CALVERT PACE JOHANNESBURG,2001,,,Film,0.45,fallback_default,https://drive.google.com/drive/folders/136DPkeQJyceGDk8ab6WwxNTuP3Zr4Qff?usp=drive_link,https://lovetheworkmore.com/2001-2/
2001-every-little-boy-s-nightmare-the-dollar-went-up-havaianas,"EVERY LITTLE BOY’S NIGHTMARE, THE DOLLAR WENT UP",HAVAIANAS,ALMAPBBDO SÃO PAULO,2001,,,Film,0.45,fallback_default,https://drive.google.com/drive/folders/1moukKz8r_LamfjljhXhiLHU9-AQA6ULP?usp=drive_link,https://lovetheworkmore.com/2001-2/
2001-fisherman-forest-kids-old-man-ox-cart-seychelles-tourist-marketing-authority,"FISHERMAN, FOREST, KIDS, OLD MAN, OX CART",SEYCHELLES TOURIST MARKETING AUTHORITY,TBWA HUNT LASCARIS JOHANNESBURG,2001,,,Film,0.75,\b(film|tv commercial|video|cinema|case study|vimeo|youtube)\b,https://www.youtube.com/watch?v=yCTqFooLJuk,https://lovetheworkmore.com/2001-2/
2001-formula-1-tool-shop-interflora,"FORMULA 1, TOOL SHOP",INTERFLORA,ROBERT/BOISEN & LIKEMINDED COPENHAGEN,2001,,,Film,0.45,fallback_default,https://www.shots.net/news/view/3681-interflora-tool-shop-formula-1,https://lovetheworkmore.com/2001-2/
2001-god-love-singapore-movement,GOD,LOVE SINGAPORE MOVEMENT,OGILVY & MATHER SINGAPORE,2001,,,Film,0.45,fallback_default,https://www.eugenecheong.com/lovesingapore,https://lovetheworkmore.com/2001-2/
2001-grandpa-harley-davidson,GRANDPA,HARLEY DAVIDSON,GIOVANNI FCB SÃO PAULO,2001,,,Film,0.75,\b(film|tv commercial|video|cinema|case study|vimeo|youtube)\b,https://www.youtube.com/watch?v=C6SJP16EhnM,https://lovetheworkmore.com/2001-2/
2001-hands-nike,HANDS,NIKE,THE JUPITER DRAWING ROOM JOHANNESBERG,2001,,,Film,0.75,\b(film|tv commercial|video|cinema|case study|vimeo|youtube)\b,https://www.youtube.com/watch?v=yhD1Ru9i3HU,https://lovetheworkmore.com/2001-2/
2001-its-true-you-can-have-it-cheaper-ikea,ITS TRUE YOU CAN HAVE IT CHEAPER,IKEA,LEO BURNETT WARSAW,2001,,,Film,0.45,fallback_default,https://www.adsoftheworld.com/campaigns/picture-frame,https://lovetheworkmore.com/2001-2/
2001-kitchen-ikea,KITCHEN,IKEA,OUTSIDER LONDON,2001,,,Print,0.9,\b(print|press|newspaper|magazine|poster|billboard)\b,https://www.luerzersarchive.com/en/magazine/commercial-detail/ikea-19406.html,https://lovetheworkmore.com/2001-2/
2001-life-s-unfair-till-you-get-a-degree-macquarie-university,LIFE’S UNFAIR TILL YOU GET A DEGREE,MACQUARIE UNIVERSITY,GEORGE PATTERSON BATES SYDNEY,2001,,,Print,0.9,\b(print|press|newspaper|magazine|poster|billboard)\b,http://www.steve-mccabe.com/macquarie-university-print,https://lovetheworkmore.com/2001-2/
2001-line-up-nike-shox,LINE UP,NIKE SHOX,THE JUPITER DRAWING ROOM JOHANNESBERG,2001,,,Film,0.45,fallback_default,https://drive.google.com/file/d/1mRruPeq80BEvyasSWByFNEqK7QkGrv7L/view,https://lovetheworkmore.com/2001-2/
2001-long-headline-the-economist,LONG HEADLINE,THE ECONOMIST,ABBOTT MEAD VICKERS BBDO LONDON,2001,,,Film,0.75,\b(film|tv commercial|video|cinema|case study|vimeo|youtube)\b,https://www.youtube.com/watch?v=04Xzumk8kBo,https://lovetheworkmore.com/2001-2/
2001-loo-fanatics-bookstore,LOO,FANATICS BOOKSTORE,HARRISONHUMAN JOHANNESBURG,2001,,,Print,0.9,\b(print|press|newspaper|magazine|poster|billboard)\b,https://www.ivanpols.com/portfolio/2001/6/9/exclusive-books-loo.html,https://lovetheworkmore.com/2001-2/
2001-magic-car-bmw,MAGIC CAR,BMW,JUNG VON MATT/ISAR MUNICH,2001,,,Print,0.9,\b(print|press|newspaper|magazine|poster|billboard)\b,https://www.luerzersarchive.com/en/magazine/commercial-detail/bmw-c-1-19294.html,https://lovetheworkmore.com/2001-2/
2001-metre-arias,METRE,ARIAS,TANDEM DDB MADRID,2001,,,Film,0.45,fallback_default,https://drive.google.com/file/d/1-5i7q-x8XaeHDG3Hi4d-8dvh9gGOH_FO/view?usp=drive_link,https://lovetheworkmore.com/2001-2/
2001-mlk-boston-globe,MLK,BOSTON GLOBE,HOLLAND MARK ADVERTISING BOSTON,2001,,,Print,0.9,\b(print|press|newspaper|magazine|poster|billboard)\b,https://www.oneclub.org/awards/theoneshow/-award/14263/,https://lovetheworkmore.com/2001-2/
2001-newspaper-i-newspaper-ii-dyrup-syrup,"NEWSPAPER I, NEWSPAPER II",DYRUP SYRUP,YOUNG & RUBICAM PORTUGAL LISBON,2001,,,Film,0.75,\b(film|tv commercial|video|cinema|case study|vimeo|youtube)\b,https://www.youtube.com/watch?v=_A--XCK_nEk,https://lovetheworkmore.com/2001-2/
2001-nike-id-nike,NIKE ID,NIKE,CRITICAL MASS CALGARY,2001,,,Digital,0.85,\b(digital|interactive|website|web|app|mobile)\b,https://www.oneclub.org/awards/theoneshow/-award/2883/nike-id,https://lovetheworkmore.com/2001-2/
2001-ocean-land-valley-mag-lite,"OCEAN, LAND, VALLEY",MAG- LITE,TUGBOAT TOKYO,2001,,,Film,0.75,\b(film|tv commercial|video|cinema|case study|vimeo|youtube)\b,https://www.youtube.com/watch?v=oY2-7sRUu9U,https://lovetheworkmore.com/2001-2/
2001-second-hand-apple-service,SECOND HAND,APPLE SERVICE,SCHOLZ & FRIENDS BERLIN,2001,,,Film,0.75,\b(film|tv commercial|video|cinema|case study|vimeo|youtube)\b,https://www.youtube.com/watch?v=WHqxBlFuIXA,https://lovetheworkmore.com/2001-2/
2001-secrets-of-a-tobacco-executive-florida-anti-tobacco-pilot-program,SECRETS OF A TOBACCO EXECUTIVE,FLORIDA ANTI-TOBACCO PILOT PROGRAM,CP+B MIAMI,2001,,,Film,0.45,fallback_default,https://timdroper.com/truth-secrets-of-a-tobacco-executive,https://lovetheworkmore.com/2001-2/
2001-the-driver-giraudy,THE DRIVER,GIRAUDY,BDDP ET FILS PARIS,2001,,,Film,0.45,fallback_default,https://drive.google.com/drive/folders/1UxXP8kz9C4lMsBIp50fvHuqfIyB964EE?usp=drive_link,https://lovetheworkmore.com/2001-2/
2001-the-longest-day-kansas-farm-boy-national-d-day-museum,"THE LONGEST DAY, KANSAS FARM BOY",NATIONAL D-DAY MUSEUM,GMO HILL HOLLIDAY SAN FRANCISCO,2001,,,Film,0.45,fallback_default,http://chuck-meehan-4w4g.squarespace.com/#/the-national-d-day-museum/,https://lovetheworkmore.com/2001-2/
2001-weightwatchers-online-weight-loss-programme,WEIGHTWATCHERS,ONLINE WEIGHT-LOSS PROGRAMME,MODEM MEDIA BOSTON,2001,,,Digital,0.85,\b(digital|interactive|website|web|app|mobile)\b,https://www.oneclub.org/awards/theoneshow/-award/2527/weightwatcherscom,https://lovetheworkmore.com/2001-2/
2001-what-are-you-doing-budweiser,WHAT ARE YOU DOING?,BUDWEISER,"GOODBY, SILVERSTEIN & PARTNERS SAN FRANCISCO",2001,,,Film,0.45,fallback_default,https://www.adsoftheworld.com/campaigns/what-are-you-doing,https://lovetheworkmore.com/2001-2/
2002-absolut-composer-gift-protection-absolut-vodka,"ABSOLUT COMPOSER, GIFT, PROTECTION",ABSOLUT VODKA,TBWA\\CHIAT\\DAY NEW YORK,2002,,,Film,0.45,fallback_default,https://dougjaeger.com/projects/2001/11/30/absolut-gift,https://lovetheworkmore.com/2002-2/
2002-absolut-perfection-absolut-vodka,ABSOLUT PERFECTION,ABSOLUT VODKA,SPRINGTIME STOCKHOLM,2002,,,Film,0.45,fallback_default,https://i.insider.com/5d66c9c52e22af1679709973?width=600&format=jpeg&auto=webp,https://lovetheworkmore.com/2002-2/
2002-aids-man-sex-aides,AIDS: MAN SEX,AIDES,TBWA\\PARIS BOULOGNE-BILLANCOURT,2002,,,Film,0.45,fallback_default,https://drive.google.com/file/d/12ty0ILP2NDtU_AH-ioja96PGUCrRvzd3/view?usp=drive_link,https://lovetheworkmore.com/2002-2/
2002-amazing-offer-0-discount-price-guarantee-make-bargains-bang-olufsen,"AMAZING OFFER, 0% DISCOUNT, PRICE GUARANTEE, MAKE BARGAINS",BANG & OLUFSEN,JERLOV & KORBERG GOTHENBURG,2002,,,Film,0.45,fallback_default,https://drive.google.com/drive/folders/1iZWTbHaAEK0qu9EllwrLO7vRiMebbKcH?usp=drive_link,https://lovetheworkmore.com/2002-2/
2002-and-the-winners-are-pbh,AND THE WINNERS ARE,PBH,"DUVAL GUILLAUME BRUSSELS, BRUSSELS",2002,,,Film,0.75,\b(film|tv commercial|video|cinema|case study|vimeo|youtube)\b,https://www.youtube.com/watch?v=EraMoRQVgiE,https://lovetheworkmore.com/2002-2/
2002-any-color-you-can-think-of-dulux,ANY COLOR YOU CAN THINK OF,DULUX,LOWE BULL CALVERT PACE JOHANNESBURG,2002,,,Film,0.45,fallback_default,http://www.mlcbullring.com/dulux,https://lovetheworkmore.com/2002-2/
2002-are-you-mini-bmw,ARE YOU MINI?,BMW,BBDO INTERONE MUNCHEN,2002,,,Film,0.75,\b(film|tv commercial|video|cinema|case study|vimeo|youtube)\b,https://www.youtube.com/watch?v=viAMjKOfkUI,https://lovetheworkmore.com/2002-2/
2002-bellies-molson,BELLIES,MOLSON,J.WALTER THOMPSON RIO DE JANEIRO,2002,,,Film,0.75,\b(film|tv commercial|video|cinema|case study|vimeo|youtube)\b,https://www.youtube.com/watch?v=8urf8-B-xrE,https://lovetheworkmore.com/2002-2/
2002-churchill-sinatra-bic,"CHURCHILL, SINATRA",BIC,TBWA\\LISBON,2002,,,Film,0.75,\b(film|tv commercial|video|cinema|case study|vimeo|youtube)\b,https://www.youtube.com/watch?v=J9z-VIqp_Fs,https://lovetheworkmore.com/2002-2/
2002-couples-friends-family-sea-shepherd,"COUPLES, FRIENDS, FAMILY",SEA SHEPHERD,SAATCHI & SAATCHI SINGAPORE,2002,,,Film,0.75,\b(film|tv commercial|video|cinema|case study|vimeo|youtube)\b,https://www.youtube.com/watch?v=_jXYvcYPGU8,https://lovetheworkmore.com/2002-2/
2002-coverage-yard-fitness-centers,COVERAGE,YARD FITNESS CENTERS,BACKYARD PRODUCTIONS CHICAGO,2002,,,Film,0.75,\b(film|tv commercial|video|cinema|case study|vimeo|youtube)\b,https://www.youtube.com/watch?v=BMyeP5wszRQ,https://lovetheworkmore.com/2002-2/
2002-curler-rowenta-curling-iron,CURLER,ROWENTA CURLING IRON,PUBLICIS WERBEAGENTUR FRANKFURT,2002,,,Film,0.75,\b(film|tv commercial|video|cinema|case study|vimeo|youtube)\b,https://www.youtube.com/watch?v=k31iLAb3rmE,https://lovetheworkmore.com/2002-2/
2002-duracell-ultra-m3-launch-duracell,DURACELL ULTRA M3 LAUNCH,DURACELL,OMD LONDON,2002,,,Film,0.75,\b(film|tv commercial|video|cinema|case study|vimeo|youtube)\b,https://www.youtube.com/watch?v=IxV1QzBwqNM,https://lovetheworkmore.com/2002-2/
2002-fridge-bud-light,FRIDGE,BUD LIGHT,DOWNTOWN PARTNERS TORONTO,2002,,,Film,0.75,\b(film|tv commercial|video|cinema|case study|vimeo|youtube)\b,https://www.youtube.com/watch?v=S91pAa1J07k,https://lovetheworkmore.com/2002-2/
2002-gourd-land-rover,GOURD,LAND ROVER,RAINEY KELLY CAMPBELL ROALFE/Y&R LONDON,2002,,,Film,0.75,\b(film|tv commercial|video|cinema|case study|vimeo|youtube)\b,https://www.youtube.com/watch?v=IdqWjgdiok8,https://lovetheworkmore.com/2002-2/
2002-great-idea-fedex,GREAT IDEA,FEDEX,@RADICAL.MEDIA NEW YORK,2002,,,Film,0.75,\b(film|tv commercial|video|cinema|case study|vimeo|youtube)\b,https://www.youtube.com/watch?v=zNCrMEOqHpc,https://lovetheworkmore.com/2002-2/
2002-half-day-off-smirnoff,HALF-DAY OFF,SMIRNOFF,WOW RAPP COLLINS AUCKLAND,2002,,,Film,0.75,\b(film|tv commercial|video|cinema|case study|vimeo|youtube)\b,https://www.youtube.com/watch?v=QSwWaMOkVgo,https://lovetheworkmore.com/2002-2/
2002-independence-harley-davidson,INDEPENDENCE,HARLEY DAVIDSON,GIOVANNI FCB SÃO PAULO,2002,,,Film,0.75,\b(film|tv commercial|video|cinema|case study|vimeo|youtube)\b,https://www.youtube.com/watch?v=9lvlKBJ1Tss,https://lovetheworkmore.com/2002-2/
2002-just-do-it-mickey-e-mc2-heredia,"JUST DO IT, MICKEY, E=MC2",HEREDIA,LEO BURNETT LISBON,2002,,,Film,0.75,\b(film|tv commercial|video|cinema|case study|vimeo|youtube)\b,https://www.youtube.com/watch?v=RnR6Bte3e4s,https://lovetheworkmore.com/2002-2/
2002-kiwi-toilet-roll-clay-model-ball-of-wool-bosch,"KIWI, TOILET ROLL, CLAY MODEL, BALL OF WOOL",BOSCH,TANDEM DDB MADRID,2002,,,Film,0.75,\b(film|tv commercial|video|cinema|case study|vimeo|youtube)\b,https://www.youtube.com/watch?v=Ek8aH-P8Jv0,https://lovetheworkmore.com/2002-2/
2002-leaf-blower-boat-nail-gun-fox-international,"LEAF BLOWER, BOAT, NAIL GUN",FOX INTERNATIONAL,HARVEST SANTA MONICA,2002,,,Film,0.45,fallback_default,https://harvestfilms.com/work/fox-sports-nail-gun/,https://lovetheworkmore.com/2002-2/
2002-look-back-surprise-shower-tasco,"LOOK BACK, SURPRISE, SHOWER",TASCO,BROWN MELHUISH FISHLOCK SYDNEY,2002,,,Film,0.45,fallback_default,https://drive.google.com/drive/folders/11Db9cHrETNNsHdUu9wQx-aeL5h-G1avv?usp=drive_link,https://lovetheworkmore.com/2002-2/
2002-love-xxx-sodra-cell,LOVE XXX,SODRA CELL,GARBERGS ANNONSBYRÅ STOCKHOLM,2002,,,Film,0.75,\b(film|tv commercial|video|cinema|case study|vimeo|youtube)\b,https://www.youtube.com/watch?v=Drb4p-EkDrU,https://lovetheworkmore.com/2002-2/
2002-metamorphosis-axe,METAMORPHOSIS,AXE,VEGAOLMOSPONCE BUENOS AIRES,2002,,,Film,0.45,fallback_default,https://www.facebook.com/watch/?v=2030829700297499,https://lovetheworkmore.com/2002-2/
2002-mini-let-s-motor-mini,"MINI, LET’S MOTOR",MINI,CP+B MIAMI,2002,,,Film,0.75,\b(film|tv commercial|video|cinema|case study|vimeo|youtube)\b,https://www.youtube.com/watch?v=-k8GmXx37Wo,https://lovetheworkmore.com/2002-2/
2002-mokitown-daimley-chrysler,MOKITOWN,DAIMLEY CHRYSLER,NEUE DIGITALE FRANKFURT,2002,,,Film,0.75,\b(film|tv commercial|video|cinema|case study|vimeo|youtube)\b,https://www.youtube.com/watch?v=gDVOqNZPPk8,https://lovetheworkmore.com/2002-2/
2002-mother-s-day-cervecerias-quilmes,MOTHER’S DAY,CERVECERIAS QUILMES,Y&R BUENOS AIRES,2002,,,Film,0.75,\b(film|tv commercial|video|cinema|case study|vimeo|youtube)\b,https://www.youtube.com/watch?v=0HQ_dIwqIsc,https://lovetheworkmore.com/2002-2/
2002-old-lady-snail-turtle-diveo,"OLD LADY, SNAIL, TURTLE",DIVEO,TBWA\\CAPSULA SÃO PAULO,2002,,,Film,0.45,fallback_default,https://drive.google.com/drive/folders/1MzeEcvENVrzh7MjV-rVIg_X1OB-9zADy?usp=drive_link,https://lovetheworkmore.com/2002-2/
2002-one-in-four-womankind,ONE IN FOUR,WOMANKIND,RAINEY KELLY CAMPBELL ROALFE/Y&R LONDON,2002,,,Media,0.75,\b(media)\b,https://adsspot.me/media/tv-commercials/womankind-day-appeal-one-in-four-28a7f6ff319e,https://lovetheworkmore.com/2002-2/
2002-package-holidays-club-18-30,PACKAGE HOLIDAYS,CLUB 18-30,SAATCHI & SAATCHI LONDON,2002,,,Film,0.45,fallback_default,http://jaced.com/2007/07/22/club-18-30-advertising-campaign-by-saatchi-saatchi/,https://lovetheworkmore.com/2002-2/
2002-pants-lycra,PANTS,LYCRA,Y&R SÃO PAULO,2002,,,Film,0.75,\b(film|tv commercial|video|cinema|case study|vimeo|youtube)\b,https://www.youtube.com/watch?v=_j-L40h4jBQ,https://lovetheworkmore.com/2002-2/
2002-peanuts-harley-davidson,PEANUTS,HARLEY DAVIDSON,CARMICHAEL LYNCH MINNEAPOLIS,2002,,,Print,0.9,\b(print|press|newspaper|magazine|poster|billboard)\b,https://www.luerzersarchive.com/en/magazine/print-detail/harley-davidson-21308.html,https://lovetheworkmore.com/2002-2/
2002-perigrinate-quiescence-distend-coin-requital-houghton-mifflin,"PERIGRINATE, QUIESCENCE, DISTEND, COIN REQUITAL",HOUGHTON MIFFLIN,MULLEN WENHAM,2002,,,Film,0.45,fallback_default,https://drive.google.com/drive/folders/11GwMRs0UY2jdnwL9-wFSxZLE9dNG7hxz?usp=drive_link,https://lovetheworkmore.com/2002-2/
2002-pipes-comgas,PIPES,COMGAS,LEW LARA SÃO PAULO,2002,,,Film,0.75,\b(film|tv commercial|video|cinema|case study|vimeo|youtube)\b,https://www.youtube.com/watch?v=qNiiJKySOng,https://lovetheworkmore.com/2002-2/
2002-popcorn-tv-guide-dinner-casio-mini-tv,"POPCORN, TV GUIDE, DINNER",CASIO MINI TV,COLENSO BBDO AUCKLAND,2002,,,Film,0.45,fallback_default,https://drive.google.com/drive/folders/1k7owkAw6jnxFGi9wAa9v6u9ZHfXCMzIi?usp=drive_link,https://lovetheworkmore.com/2002-2/
2002-prison-bic,PRISON,BIC,TBWA\\CAPSULA SÃO PAULO,2002,,,Film,0.75,\b(film|tv commercial|video|cinema|case study|vimeo|youtube)\b,https://www.youtube.com/watch?v=iuMnfcDOWto,https://lovetheworkmore.com/2002-2/
2002-rental-flat-manix,RENTAL FLAT,MANIX,BDDP ET FILS PARIS,2002,,,Print,0.9,\b(print|press|newspaper|magazine|poster|billboard)\b,https://www.luerzersarchive.com/en/magazine/commercial-detail/manix-21606.html,https://lovetheworkmore.com/2002-2/
2002-rocket-toast-polaroid,"ROCKET, TOAST",POLAROID,LEO BURNETT CHICAGO,2002,,,Film,0.75,\b(film|tv commercial|video|cinema|case study|vimeo|youtube)\b,https://www.youtube.com/watch?v=dPTo-G7txo4,https://lovetheworkmore.com/2002-2/
2002-shoplifter-behinderten-sportverband-berlin,SHOPLIFTER,BEHINDERTEN-SPORTVERBAND BERLIN,TBWA\\BERLIN,2002,,,Print,0.9,\b(print|press|newspaper|magazine|poster|billboard)\b,https://www.luerzersarchive.com/en/magazine/commercial-detail/bsv-berlin-26520.html,https://lovetheworkmore.com/2002-2/
2002-shoplifting-litter-drink-drive-smoke-grass-torture-museum-prague,"SHOPLIFTING, LITTER, DRINK & DRIVE, SMOKE GRASS",TORTURE MUSEUM PRAGUE,LEO BURNETT ADVERTISING PRAGUE,2002,,,Film,0.75,\b(film|tv commercial|video|cinema|case study|vimeo|youtube)\b,https://www.youtube.com/watch?v=oUNXWkHBiWM,https://lovetheworkmore.com/2002-2/
2002-shopping-cart-pga-tour,SHOPPING CART,PGA TOUR,GSD&M AUSTIN,2002,,,Film,0.75,\b(film|tv commercial|video|cinema|case study|vimeo|youtube)\b,https://www.youtube.com/watch?v=msEaQ36yLMI,https://lovetheworkmore.com/2002-2/
2002-smoking-causes-cancer-hamlet-miniatures-cigars,SMOKING CAUSES CANCER,HAMLET MINIATURES CIGARS,CDP LONDON,2002,,,Film,0.45,fallback_default,https://www.adsoftheworld.com/campaigns/hamlet-fair-ground,https://lovetheworkmore.com/2002-2/
2002-sonjawashere-sonera,SONJAWASHERE,SONERA,TBWA\\PHS HELSINKI,2002,,,Film,0.45,fallback_default,https://drive.google.com/file/d/1jZzYM5sS8D09_WlJwf7fMOHeZapAPrM-/view?usp=drive_link,https://lovetheworkmore.com/2002-2/
2002-staples-generali,STAPLES,GENERALI,MCCANN-ERICKSON GENEVA,2002,,,Film,0.75,\b(film|tv commercial|video|cinema|case study|vimeo|youtube)\b,https://www.youtube.com/watch?v=H-Bx0YRZCu8,https://lovetheworkmore.com/2002-2/
2002-studio-lights-osram,STUDIO LIGHTS,OSRAM,SAATCHI & SAATCHI JOHANNESBURG,2002,,,Film,0.75,\b(film|tv commercial|video|cinema|case study|vimeo|youtube)\b,https://www.youtube.com/watch?v=ZnhRkywASIA,https://lovetheworkmore.com/2002-2/
2002-terrifying-mystifying-fascinating-department-of-health-coi,"TERRIFYING, MYSTIFYING, FASCINATING",DEPARTMENT OF HEALTH/COI,D’ARCY LONDON,2002,,,Film,0.75,\b(film|tv commercial|video|cinema|case study|vimeo|youtube)\b,https://www.youtube.com/watch?v=dqCEx8Z_Uqw,https://lovetheworkmore.com/2002-2/
2002-the-chain-nike,THE CHAIN,NIKE,FRAMFAB COPENHAGEN,2002,,,Film,0.75,\b(film|tv commercial|video|cinema|case study|vimeo|youtube)\b,https://thisisnotadvertising.wordpress.com/2012/12/03/nike-the-chain-the-worlds-longest-user-generated-video/,https://lovetheworkmore.com/2002-2/
2002-the-fork-spaghetti-little-cars-ikea,"THE FORK, SPAGHETTI, LITTLE CARS",IKEA,LEAGAS DELANEY PARIS CENTRE PARIS,2002,,,Film,0.45,fallback_default,http://www.postkiwi.com/2006/ikea-tidy-up/,https://lovetheworkmore.com/2002-2/
2002-the-tree-tectona,THE TREE,TECTONA,JEAN ET MONTMARIN LEVALLOIS-PERRET,2002,,,Film,0.75,\b(film|tv commercial|video|cinema|case study|vimeo|youtube)\b,https://www.youtube.com/watch?v=b4knu7oqxbk,https://lovetheworkmore.com/2002-2/
2002-tourists-citizens-against-terrorism,TOURISTS,CITIZENS AGAINST TERRORISM,HUNGRY MAN NEW YORK,2002,,,Film,0.45,fallback_default,https://www.aicpawards.com/show/tourists/,https://lovetheworkmore.com/2002-2/
2002-vending-machine-st-mungo-s,VENDING MACHINE,ST. MUNGO’S,SAATCHI & SAATCHI LONDON,2002,,,Film,0.45,fallback_default,https://eggandmatt.com/portfolio/st-mungos-vending-machine,https://lovetheworkmore.com/2002-2/
2002-window-land-rover,WINDOW,LAND ROVER,Y&R MADRID,2002,,,Film,0.75,\b(film|tv commercial|video|cinema|case study|vimeo|youtube)\b,https://www.youtube.com/watch?v=W4bCOxbUEiY,https://lovetheworkmore.com/2002-2/
2002-y-do-u-think-virginia-tobacco-settlement-foundation,Y DO U THINK,VIRGINIA TOBACCO SETTLEMENT FOUNDATION,WORK RICHMOND,2002,,,Film,0.75,\b(film|tv commercial|video|cinema|case study|vimeo|youtube)\b,https://www.youtube.com/watch?v=kUR0rNFXUmk,https://lovetheworkmore.com/2002-2/
2003-1900-9-jim-beam-jim-beam,1900-9-JIM BEAM,JIM BEAM,Y&R SYDNEY,2003,,,Film,0.45,fallback_default,https://chrisround-ideas.com/1900-9-jimbeam,https://lovetheworkmore.com/2003-2/
2003-abc-berliner-verlag,ABC,BERLINER VERLAG,SCHOLZ & FRIENDS BERLIN,2003,,,Film,0.75,\b(film|tv commercial|video|cinema|case study|vimeo|youtube)\b,https://www.youtube.com/watch?v=tlgQHKgejdA,https://lovetheworkmore.com/2003-2/
2003-andy-merhol-hewlet-packard,ANDY MERHOL,HEWLET PACKARD,PALLA KOBLINGER PROXIMITY VIENNA,2003,,,Film,0.75,\b(film|tv commercial|video|cinema|case study|vimeo|youtube)\b,https://www.youtube.com/watch?v=k_DSvNPIVZ8,https://lovetheworkmore.com/2003-2/
2003-bathtub-light-humidity-aunacable,"BATHTUB, LIGHT, HUMIDITY",AUNACABLE,SAATCHI & SAATCHI MADRID,2003,,,Film,0.75,\b(film|tv commercial|video|cinema|case study|vimeo|youtube)\b,https://www.youtube.com/watch?v=Czy_jGWdzXg,https://lovetheworkmore.com/2003-2/
2003-beetle-delta-lloyd,BEETLE,DELTA LLOYD,L’EAU AMSTERDAM,2003,,,Film,0.75,\b(film|tv commercial|video|cinema|case study|vimeo|youtube)\b,https://www.youtube.com/watch?v=_IxIcBazMls,https://lovetheworkmore.com/2003-2/
2003-beggar-server-sweeper-shoe-shine-solidary-doctors,"BEGGAR, SERVER, SWEEPER, SHOE SHINE",SOLIDARY DOCTORS,SALLES D’ARCY RIO DE JANEIRO,2003,,,Film,0.75,\b(film|tv commercial|video|cinema|case study|vimeo|youtube)\b,https://www.youtube.com/watch?v=InkKGmJ-siE,https://lovetheworkmore.com/2003-2/
2003-birthday-party-unox-sausage,BIRTHDAY PARTY,UNOX SAUSAGE,TBWA\NEBOKO AMSTERDAM,2003,,,Print,0.9,\b(print|press|newspaper|magazine|poster|billboard)\b,https://www.luerzersarchive.com/en/magazine/commercial-detail/unox-29319.html,https://lovetheworkmore.com/2003-2/
2003-bixenon-bmw,BIXENON,BMW,TBWA\OHANNESBURG,2003,,,Film,0.75,\b(film|tv commercial|video|cinema|case study|vimeo|youtube)\b,https://www.dandad.org/awards/professional/2003/tv-cinema-advertising/12637/bi-xenon/,https://lovetheworkmore.com/2003-2/
2003-blueprint-republic-of-singapore-navy,BLUEPRINT,REPUBLIC OF SINGAPORE NAVY,SAATCHI & SAATCHI SINGAPORE,2003,,,Film,0.45,fallback_default,https://advertisingarchive.asia/ads/singapore-navy-blueprint/,https://lovetheworkmore.com/2003-2/
2003-burnt-mailing-interpolis,BURNT MAILING,INTERPOLIS,PROXIMITY AMSTELVEEN,2003,,,Film,0.75,\b(film|tv commercial|video|cinema|case study|vimeo|youtube)\b,https://www.youtube.com/watch?v=dxlnsd7sIDg,https://lovetheworkmore.com/2003-2/
2003-caprimulgus-aracari-urubu-nissan,"CAPRIMULGUS, ARACARI, URUBU",NISSAN,TBWA BOULOGNE-BILLANCOURT,2003,,,Film,0.75,\b(film|tv commercial|video|cinema|case study|vimeo|youtube)\b,https://www.youtube.com/watch?v=xeE4_xFeET0,https://lovetheworkmore.com/2003-2/
2003-choices-depaul,CHOICES,DEPAUL,PUBLICIS LONDON,2003,,,Film,0.75,\b(film|tv commercial|video|cinema|case study|vimeo|youtube)\b,https://www.youtube.com/watch?v=d-ugYsCrQFw,https://lovetheworkmore.com/2003-2/
2003-comic-book-magazine-newspaper-kellogg-s,"COMIC BOOK, MAGAZINE, NEWSPAPER",KELLOGG’S,LEO BURNETT LISBON,2003,,,Design,0.85,\b(design|identity|branding|packaging)\b,https://www.oneclub.org/portfolio/view/-1592/reading,https://lovetheworkmore.com/2003-2/
2003-cop-trap-turkiye-is-bankasi,COP TRAP,TURKIYE IS BANKASI,RAFINERI ISTANBUL,2003,,,Film,0.45,fallback_default,https://drive.google.com/file/d/1N9bYC6W-NXoi8R6s7aDSyA3kDWVdbPF_/view?usp=drive_link,https://lovetheworkmore.com/2003-2/
2003-don-t-be-a-local-young-persons-railcard,DON’T BE A LOCAL,YOUNG PERSONS RAILCARD,CRAIK JONES LONDON,2003,,,Film,0.75,\b(film|tv commercial|video|cinema|case study|vimeo|youtube)\b,https://www.youtube.com/watch?v=z4SWD5NHO18,https://lovetheworkmore.com/2003-2/
2003-don-t-delude-yourself-aids-foundation,DON’T DELUDE YOURSELF,AIDS FOUNDATION,PALLA KOBLINGER PROXIMITY VIENNA,2003,,,Film,0.75,\b(film|tv commercial|video|cinema|case study|vimeo|youtube)\b,https://www.youtube.com/watch?v=FprDe8dSbwA,https://lovetheworkmore.com/2003-2/
2003-dos-por-dos-philippine-animal-welfare-society,DOS POR DOS,PHILIPPINE ANIMAL WELFARE SOCIETY,BCD PINPOINT MAKATI CITY,2003,,,Film,0.75,\b(film|tv commercial|video|cinema|case study|vimeo|youtube)\b,https://www.youtube.com/watch?v=sCGWurxq3GU,https://lovetheworkmore.com/2003-2/
2003-extra-cold-diageo,EXTRA COLD,DIAGEO,LEO BURNETT SYDNEY,2003,,,Film,0.75,\b(film|tv commercial|video|cinema|case study|vimeo|youtube)\b,https://www.youtube.com/watch?v=srpHJCzFHj8,https://lovetheworkmore.com/2003-2/
2003-face-of-the-future-siemens,FACE OF THE FUTURE,SIEMENS,MOTHER LONDON,2003,,,Film,0.75,\b(film|tv commercial|video|cinema|case study|vimeo|youtube)\b,https://www.youtube.com/watch?v=p9-WA0cc6uk,https://lovetheworkmore.com/2003-2/
2003-farewell-ikea,FAREWELL,IKEA,"GRABARZ & PARTNER, HAMBURG",2003,,,Film,0.75,\b(film|tv commercial|video|cinema|case study|vimeo|youtube)\b,https://www.youtube.com/watch?v=bSMRD_qBgI0,https://lovetheworkmore.com/2003-2/
2003-five-people-petroleum-tve,"FIVE PEOPLE, PETROLEUM",TVE,FCB/TAPSA MADRID,2003,,,Film,0.75,\b(film|tv commercial|video|cinema|case study|vimeo|youtube)\b,https://www.youtube.com/watch?v=HzevRHUEnVI,https://lovetheworkmore.com/2003-2/
2003-gate-volkswagen,GATE,VOLKSWAGEN,DDB BUENOS AIRES,2003,,,Film,0.75,\b(film|tv commercial|video|cinema|case study|vimeo|youtube)\b,https://www.youtube.com/watch?v=CQ4irwe3ZDk,https://lovetheworkmore.com/2003-2/
2003-golf-matsudaira-real-estate,GOLF,MATSUDAIRA REAL ESTATE,DENTSU MATSUYAMA,2003,,,Film,0.45,fallback_default,https://adage.com/creativity/work/golf/11567,https://lovetheworkmore.com/2003-2/
2003-holiday-parties-heineken,HOLIDAY PARTIES,HEINEKEN,MINDER NEW YORK,2003,,,Film,0.45,fallback_default,https://adage.com/creativity/work/holiday-party/11957,https://lovetheworkmore.com/2003-2/
2003-ibm-financial-times-mailing-ibm,IBM FINANCIAL TIMES MAILING,IBM,HARRISON TROUGHTON WUNDERMAN LONDON,2003,,,Film,0.75,\b(film|tv commercial|video|cinema|case study|vimeo|youtube)\b,https://www.youtube.com/watch?v=eST-zHoouRg,https://lovetheworkmore.com/2003-2/
2003-identity-official-website-columbia-pictures,IDENTITY OFFICIAL WEBSITE,COLUMBIA PICTURES,BIG SPACESHIP NEW YORK,2003,,,Design,0.85,\b(design|identity|branding|packaging)\b,https://www.sonypictures.com/movies/identity,https://lovetheworkmore.com/2003-2/
2003-jewel-box-mask-of-shame-rack-rectal-plough-museum-of-torture,"JEWEL BOX, MASK OF SHAME, RACK, RECTAL PLOUGH",MUSEUM OF TORTURE,LEO BURNETT PRAGUE,2003,,,Film,0.75,\b(film|tv commercial|video|cinema|case study|vimeo|youtube)\b,https://www.youtube.com/watch?v=aZPi1YHmNkU,https://lovetheworkmore.com/2003-2/
2003-joao-red-cross,JOAO,RED CROSS,GOLO ADVERTISING AGENCY MAPUTO,2003,,,Film,0.45,fallback_default,https://www.joelapompe.net/2015/01/30/anti-landmines-door/,https://lovetheworkmore.com/2003-2/
2003-johnny-twist-has-arrived-pepsico,JOHNNY TWIST HAS ARRIVED!,PEPSICO,OMD MADRID,2003,,,Film,0.75,\b(film|tv commercial|video|cinema|case study|vimeo|youtube)\b,https://www.youtube.com/watch?v=vx5d9_JbCtM,https://lovetheworkmore.com/2003-2/
2003-jumbo-rik-rok-jumbo-auchan,JUMBO/RIK&ROK,JUMBO/AUCHAN,OMD LISBON,2003,,,Film,0.75,\b(film|tv commercial|video|cinema|case study|vimeo|youtube)\b,https://www.youtube.com/watch?v=I1gbWNyvLe0,https://lovetheworkmore.com/2003-2/
2003-licking-excuse-psychoanalysis-diesel,"LICKING, EXCUSE, PSYCHOANALYSIS",DIESEL,DIESEL MOLVENA,2003,,,Film,0.75,\b(film|tv commercial|video|cinema|case study|vimeo|youtube)\b,https://www.youtube.com/watch?v=Kih2MMPHFFA,https://lovetheworkmore.com/2003-2/
2003-milesmorefriends-virgin,MILESMOREFRIENDS,VIRGIN,START CREATIVE LONDON,2003,,,Film,0.75,\b(film|tv commercial|video|cinema|case study|vimeo|youtube)\b,https://www.youtube.com/watch?v=YYzobdlxFwQ,https://lovetheworkmore.com/2003-2/
2003-molson-twin-label-technology-molson,MOLSON TWIN LABEL TECHNOLOGY,MOLSON,CP+B MIAMI,2003,,,Film,0.75,\b(film|tv commercial|video|cinema|case study|vimeo|youtube)\b,https://www.youtube.com/watch?v=0LPf-eRXNVs,https://lovetheworkmore.com/2003-2/
2003-one-hour-photo-american-express,ONE-HOUR PHOTO,AMERICAN EXPRESS,OGILVY PR NEW YORK,2003,,,Print,0.9,\b(print|press|newspaper|magazine|poster|billboard)\b,https://www.luerzersarchive.com/en/magazine/commercial-detail/american-express-31448.html,https://lovetheworkmore.com/2003-2/
2003-onion-sheep-esplanada-grill,"ONION, SHEEP",ESPLANADA GRILL,LEW LARA PROPAGANDA SÃO PAULO,2003,,,Film,0.75,\b(film|tv commercial|video|cinema|case study|vimeo|youtube)\b,https://www.youtube.com/watch?v=djgo4Zu0KLU,https://lovetheworkmore.com/2003-2/
2003-poppy-seeds-dat-backhus-h-brauer,POPPY SEEDS,DAT BACKHUS H BRAUER,SPRINGER & JACOBY WERBUNG HAMBURG,2003,,,Film,0.75,\b(film|tv commercial|video|cinema|case study|vimeo|youtube)\b,https://www.youtube.com/watch?v=huaQwqMh_4M,https://lovetheworkmore.com/2003-2/
2003-poster-watch-fat-woman-sunset-stock-photos,"POSTER, WATCH, FAT WOMAN, SUNSET",STOCK PHOTOS,ALMAPBBDO SÃO PAULO,2003,,,Film,0.45,fallback_default,https://drive.google.com/drive/folders/1LXcbZxvaMAvMvy57anH84sHdeoFrXYBO?usp=drive_link,https://lovetheworkmore.com/2003-2/
2003-public-viewing-in-tokyo-skyperfectv,PUBLIC VIEWING IN TOKYO,SKYPERFECTV!,DENTSU TOKYO,2003,,,Film,0.75,\b(film|tv commercial|video|cinema|case study|vimeo|youtube)\b,https://www.youtube.com/watch?v=hPElBOujGVU,https://lovetheworkmore.com/2003-2/
2003-real-caf-real-cafe,REAL CAFÉ,REAL CAFE,PRISMA PROPAGANDA VITORIA,2003,,,Film,0.75,\b(film|tv commercial|video|cinema|case study|vimeo|youtube)\b,https://www.youtube.com/watch?v=funqv0lk-F0,https://lovetheworkmore.com/2003-2/
2003-sheep-zebra-twix,"SHEEP, ZEBRA",TWIX,BBDO AUCKLAND,2003,,,Film,0.75,\b(film|tv commercial|video|cinema|case study|vimeo|youtube)\b,https://www.youtube.com/watch?v=62xLWZgx4Ko,https://lovetheworkmore.com/2003-2/
2003-sitck-sydney-dogs-cats-home,SITCK,SYDNEY DOGS & CATS HOME,M&C SAATCHI SYDNEY,2003,,,Film,0.75,\b(film|tv commercial|video|cinema|case study|vimeo|youtube)\b,https://www.youtube.com/watch?v=mDExeXPxE-U,https://lovetheworkmore.com/2003-2/
2003-social-experiment-dr-inkbeer,SOCIAL EXPERIMENT,DR INKBEER,EURO RSCG SINGAPORE,2003,,,Film,0.75,\b(film|tv commercial|video|cinema|case study|vimeo|youtube)\b,https://www.youtube.com/watch?v=ULLzyDDnPic,https://lovetheworkmore.com/2003-2/
2003-sorry-we-tried-to-email-bol-brasil-online,"SORRY, WE TRIED TO EMAIL: BOL",BRASIL ONLINE,LDC SÃO PAULO,2003,,,Film,0.45,fallback_default,https://drive.google.com/file/d/15mlQ4A__bIByD4hmGkgp8qEPq7it8Mns/view?usp=drive_link,https://lovetheworkmore.com/2003-2/
2003-streaker-bilbao-athletic-club,STREAKER,BILBAO ATHLETIC CLUB,DIMENSION SAN SEBASTIAN,2003,,,Film,0.45,fallback_default,http://www.papik.es/en/portfolio/athletic-club-streaker/,https://lovetheworkmore.com/2003-2/
2003-talking-bubbles-sbab,TALKING BUBBLES,SBAB,TBWA STOCKHOLM,2003,,,Film,0.75,\b(film|tv commercial|video|cinema|case study|vimeo|youtube)\b,https://www.youtube.com/watch?v=I5ZR0jMlxX0,https://lovetheworkmore.com/2003-2/
2003-the-getaway-sony,THE GETAWAY,SONY,TBWA\BERLIN,2003,,,Film,0.75,\b(film|tv commercial|video|cinema|case study|vimeo|youtube)\b,https://www.youtube.com/watch?v=JjdMoBfEtWA,https://lovetheworkmore.com/2003-2/
2003-the-silver-shaker-campaign-v-s-group,THE SILVER SHAKER CAMPAIGN,V&S GROUP,EMERGE COPENHAGEN,2003,,,Film,0.75,\b(film|tv commercial|video|cinema|case study|vimeo|youtube)\b,https://www.youtube.com/watch?v=5yD9Iz1uPoc,https://lovetheworkmore.com/2003-2/
2003-title-head-smart,TITLE HEAD,SMART,SPRINGER & JACOBY MEDIA HAMBURG,2003,,,Film,0.75,\b(film|tv commercial|video|cinema|case study|vimeo|youtube)\b,https://www.youtube.com/watch?v=dYiYH2SLtGQ,https://lovetheworkmore.com/2003-2/
2003-touch-this-lebenshilfe-life-support,TOUCH THIS,LEBENSHILFE/ LIFE SUPPORT,KOLLE REBBE HAMBURG,2003,,,Film,0.75,\b(film|tv commercial|video|cinema|case study|vimeo|youtube)\b,https://www.youtube.com/watch?v=ubH0GAMaN28,https://lovetheworkmore.com/2003-2/
2003-travel-agent-nh-hotels,TRAVEL AGENT,NH HOTELS,OGILVYONE MADRID,2003,,,Film,0.75,\b(film|tv commercial|video|cinema|case study|vimeo|youtube)\b,https://www.youtube.com/watch?v=bO6fgGIgX7w,https://lovetheworkmore.com/2003-2/
2003-trousers-skirt-coat-jeans-bocage-eram,"TROUSERS, SKIRT, COAT, JEANS",BOCAGE-ERAM,DEVARRIEUXVILLARET PARIS,2003,,,Film,0.45,fallback_default,https://drive.google.com/drive/folders/1zejjEBxwSGYS_oXfzMVOoi-l4nvq269S?usp=drive_link,https://lovetheworkmore.com/2003-2/
2003-welcome-to-the-urban-jungle-animal-planet,WELCOME TO THE (URBAN) JUNGLE!,ANIMAL PLANET,OMD COPENHAGEN,2003,,,Film,0.75,\b(film|tv commercial|video|cinema|case study|vimeo|youtube)\b,https://www.youtube.com/watch?v=cRXhKFhF9X4,https://lovetheworkmore.com/2003-2/
2003-witnness-guinness,WITNNESS,GUINNESS,KLP EURO RSCG LONDON,2003,,,Film,0.75,\b(film|tv commercial|video|cinema|case study|vimeo|youtube)\b,https://www.youtube.com/watch?v=2uGo-I2I7vI,https://lovetheworkmore.com/2003-2/
2003-wm-news-t-mobile,WM-NEWS,T MOBILE,SPRINGER & JACOBY MEDIA HAMBURG,2003,,,Film,0.75,\b(film|tv commercial|video|cinema|case study|vimeo|youtube)\b,https://www.youtube.com/watch?v=BUPNhBs3Nog,https://lovetheworkmore.com/2003-2/
2003-xerox-docucolor-2240-ambient-event-xerox,XEROX DOCUCOLOR 2240 AMBIENT EVENT,XEROX,WUNDERMAN LONDON,2003,,,Film,0.75,\b(film|tv commercial|video|cinema|case study|vimeo|youtube)\b,https://www.youtube.com/watch?v=LKhrCbvqczw,https://lovetheworkmore.com/2003-2/
2004-adidas-f50-final-round-adidas,ADIDAS F50 FINAL ROUND,ADIDAS,TEQUILA BOULOGNE-BILLANCOURT,2004,,,Film,0.75,\b(film|tv commercial|video|cinema|case study|vimeo|youtube)\b,https://www.youtube.com/watch?v=3bgdKENybPk,https://lovetheworkmore.com/2004-2/
2004-asking-for-a-job-fundacio-exit,ASKING FOR A JOB,FUNDACIO EXIT,DEC PROXIMITY BARCELONA,2004,,,Film,0.45,fallback_default,https://drive.google.com/file/d/1S01arhZyNiyEkg2LtktBLFUI5Mhodxcf/view?usp=drive_link,https://lovetheworkmore.com/2004-2/
2004-bear-in-my-mind-nike,BEAR IN MY MIND,NIKE,DOUBLEYOU BARCELONA,2004,,,Film,0.75,\b(film|tv commercial|video|cinema|case study|vimeo|youtube)\b,https://www.youtube.com/watch?v=oHu5bwxhfPU,https://lovetheworkmore.com/2004-2/
2004-bike-saddle-playground-outdoor-equipment-store,BIKE SADDLE,PLAYGROUND OUTDOOR EQUIPMENT STORE,AKESTAM.HOLST STOCKHOLM,2004,,,Film,0.75,\b(film|tv commercial|video|cinema|case study|vimeo|youtube)\b,https://www.youtube.com/watch?v=hJYSO64NKw4,https://lovetheworkmore.com/2004-2/
2004-bmw-s7-test-drive-bmw,BMW S7 TEST DRIVE,BMW,TEQUILA BOULOGNE-BILLANCOURT,2004,,,Film,0.75,\b(film|tv commercial|video|cinema|case study|vimeo|youtube)\b,https://www.youtube.com/watch?v=9EL2qGrfodY,https://lovetheworkmore.com/2004-2/
2004-camel-dog-fish-fylm-fresh,"CAMEL, DOG, FISH",FYLM FRESH,OGILVY & MATHER SINGAPORE,2004,,,Film,0.75,\b(film|tv commercial|video|cinema|case study|vimeo|youtube)\b,https://www.youtube.com/watch?v=ibui0t4YLnc,https://lovetheworkmore.com/2004-2/
2004-clearer-sharper-druck-u-verlagshaus,CLEARER SHARPER,DRUCK U. VERLAGSHAUS,KOLLE REBBE WERBEAGENTUR HAMBURG,2004,,,Film,0.45,fallback_default,https://drive.google.com/file/d/1eEn65pVJT7NZF9BSppNVerQo03QTe5B_/view?usp=drive_link,https://lovetheworkmore.com/2004-2/
2004-cloth-sofa-herringbone,"CLOTH, SOFA",HERRINGBONE,M&C SAATCHI SYDNEY,2004,,,Film,0.45,fallback_default,https://www.oliverdevaris.com/herringbone-insane-tailors,https://lovetheworkmore.com/2004-2/
2004-coqueiro-network-is-on-the-air-coqueiro,COQUEIRO NETWORK IS ON THE AIR,COQUEIRO,BBDO SÃO PAULO,2004,,,Film,0.45,fallback_default,https://www.adsoftheworld.com/campaigns/war-vs-peace,https://lovetheworkmore.com/2004-2/
2004-corn-tabasco-sauce,CORN,TABASCO SAUCE,JUNG VON MATT HAMBURG,2004,,,Print,0.9,\b(print|press|newspaper|magazine|poster|billboard)\b,https://paragonanubis.wordpress.com/2011/01/23/popcorn-creativity-from-dubai/,https://lovetheworkmore.com/2004-2/
2004-diner-tv-direct-energy,DINER TV,DIRECT ENERGY,RAPP COLLINS WORLDWIDE/DALLAS IRVING,2004,,,Film,0.45,fallback_default,https://drive.google.com/file/d/1x82hj3PBat_ABgEILIe-XfzOajvM87xa/view?usp=drive_link,https://lovetheworkmore.com/2004-2/
2004-dresden-porta-nigra-chorin-monast-deutsche-sitftung-denkmalschutz,"DRESDEN, PORTA NIGRA, CHORIN MONAST",DEUTSCHE SITFTUNG DENKMALSCHUTZ,OGILVY & MATHER FRANKFURT,2004,,,Film,0.45,fallback_default,https://www.adsoftheworld.com/campaigns/bank-note,https://lovetheworkmore.com/2004-2/
2004-drill-sergeant-cockerel-water-typhoo-tea,"DRILL SERGEANT, COCKEREL, WATER",TYPHOO TEA,"CLEMMOW HORNBY INGE, LONDON",2004,,,Film,0.45,fallback_default,https://thisisnotadvertising.wordpress.com/2012/08/08/typhoo-tea-the-better-way-to-wake-up/,https://lovetheworkmore.com/2004-2/
2004-eat-what-s-on-your-plate-soda-insect-restaurant,EAT WHAT’S ON YOUR PLATE,SODA INSECT RESTAURANT,LEO BURNETT FRANKFURT,2004,,,Film,0.75,\b(film|tv commercial|video|cinema|case study|vimeo|youtube)\b,https://www.youtube.com/watch?v=_mu1KYP2-8g,https://lovetheworkmore.com/2004-2/
2004-egg-what-s-in-it-for-me-egg,EGG: WHAT’S IN IT FOR ME?,EGG,LOWE PLUS LONDON,2004,,,Print,0.9,\b(print|press|newspaper|magazine|poster|billboard)\b,https://www.dandad.org/awards/professional/2004/press-advertising/13642/train-parky-wind/,https://lovetheworkmore.com/2004-2/
2004-fanta-message-in-a-bottle-coca-cola,FANTA MESSAGE IN A BOTTLE,COCA-COLA,12SNAP GERMANY MUNICH,2004,,,Film,0.75,\b(film|tv commercial|video|cinema|case study|vimeo|youtube)\b,https://www.youtube.com/watch?v=PG3MNKWOZtY,https://lovetheworkmore.com/2004-2/
2004-fatty-cigarettes-british-heart-foundation,FATTY CIGARETTES,BRITISH HEART FOUNDATION,EURO RSCG WORLDWIDE LONDON,2004,,,Film,0.75,\b(film|tv commercial|video|cinema|case study|vimeo|youtube)\b,https://www.youtube.com/watch?v=ef3gofQcOKk,https://lovetheworkmore.com/2004-2/
2004-favela-akatu,FAVELA,AKATU,LEO BURNETT SÃO PAULO,2004,,,Film,0.75,\b(film|tv commercial|video|cinema|case study|vimeo|youtube)\b,https://www.youtube.com/watch?v=ExCYNL12h4Q,https://lovetheworkmore.com/2004-2/
2004-flor-summer-03-b4,FLOR SUMMER 03,B4,SAATCHI & SAATCHI SÃO PAULO,2004,,,Film,0.45,fallback_default,https://drive.google.com/drive/folders/1aoklIaaEKLVkfOsVeTxc-thK3bNYhHYr,https://lovetheworkmore.com/2004-2/
2004-force-is-with-cristal-beer-cristal-beer,FORCE IS WITH CRISTAL BEER,CRISTAL BEER,OMD SANTIAGO,2004,,,Film,0.75,\b(film|tv commercial|video|cinema|case study|vimeo|youtube)\b,https://www.youtube.com/watch?v=oRjGWjKVjUo,https://lovetheworkmore.com/2004-2/
2004-future-vision-vodafone,FUTURE VISION,VODAFONE,VODAFONE GROUP SERVICES NEWBURY,2004,,,Radio/Audio,0.9,\b(radio|audio|podcast|sound)\b,https://ifdesign.com/en/winner-ranking/project/vodafone-future-vision/26851,https://lovetheworkmore.com/2004-2/
2004-gerbils-interoute,GERBILS,INTEROUTE,BITE LONDON,2004,,,Film,0.75,\b(film|tv commercial|video|cinema|case study|vimeo|youtube)\b,https://www.youtube.com/watch?v=ViZYoYgX1gs,https://lovetheworkmore.com/2004-2/
2004-get-both-sides-veja-magazine,GET BOTH SIDES,VEJA MAGAZINE,BBDO SÃO PAULO,2004,,,Film,0.45,fallback_default,https://www.adsoftheworld.com/campaigns/war-vs-peace,https://lovetheworkmore.com/2004-2/
2004-giant-global-brand-forum,GIANT,GLOBAL BRAND FORUM,OGILVYONE WORLDWIDE SINGAPORE,2004,,,Film,0.75,\b(film|tv commercial|video|cinema|case study|vimeo|youtube)\b,https://www.youtube.com/watch?v=b-TNlMoPGvw,https://lovetheworkmore.com/2004-2/
2004-god-slices-dualit,"GOD, SLICES",DUALIT,RAINEY KELLY CAMPBELL ROALFE/Y&R LONDON,2004,,,Print,0.9,\b(print|press|newspaper|magazine|poster|billboard)\b,https://adsspot.me/media/prints/dualit-slices-8dfcb3971390,https://lovetheworkmore.com/2004-2/
2004-good-cop-bad-cop-canadian-film-centre,GOOD COP BAD COP,CANADIAN FILM CENTRE,TAXI TORONTO,2004,,,Film,0.75,\b(film|tv commercial|video|cinema|case study|vimeo|youtube)\b,https://www.shots.net/news/view/40971-canadian-film-centre-good-cop-bad-cop,https://lovetheworkmore.com/2004-2/
2004-hero-breath-asics,HERO BREATH,ASICS,STRAWBERRYFROG AMSTERDAM,2004,,,Film,0.75,\b(film|tv commercial|video|cinema|case study|vimeo|youtube)\b,https://www.youtube.com/watch?v=La0zMFsv3xk,https://lovetheworkmore.com/2004-2/
2004-hope-abbott-norge,HOPE,ABBOTT NORGE,DDB RELASJON OSLO,2004,,,Film,0.75,\b(film|tv commercial|video|cinema|case study|vimeo|youtube)\b,https://www.youtube.com/watch?v=6TFv43K5CY4,https://lovetheworkmore.com/2004-2/
2004-housewives-moment-of-fame-bonux,HOUSEWIVES’ MOMENT OF FAME,BONUX,STARCOM MEDIAVEST BEIRUT,2004,,,Film,0.75,\b(film|tv commercial|video|cinema|case study|vimeo|youtube)\b,https://www.youtube.com/watch?v=YdFKkYppLtM,https://lovetheworkmore.com/2004-2/
2004-hysterical-girlfriend-game-noodle-web-pot-noodle,"HYSTERICAL GIRLFRIEND GAME , NOODLE WEB",POT NOODLE,ISOBAR LONDON,2004,,,Film,0.45,fallback_default,http://simonparkin.net/pot-noodle,https://lovetheworkmore.com/2004-2/
2004-invisible-it-man-ibm,INVISIBLE IT MAN,IBM,WUNDERMAN LONDON,2004,,,Film,0.75,\b(film|tv commercial|video|cinema|case study|vimeo|youtube)\b,https://www.youtube.com/watch?v=50haA_4G-7w,https://lovetheworkmore.com/2004-2/
2004-iraq-s-cultural-treasures-unesco,IRAQ’S CULTURAL TREASURES,UNESCO,HEYE & PARTNER HAMBURG,2004,,,Direct,0.85,\b(direct|direct-marketing|mailer|dm)\b,https://www.adsspot.me/media/direct-marketing/deutsche-unesco-kommission-iraqa%C2%B4s-cultural-treasures-c63fedff4be3,https://lovetheworkmore.com/2004-2/
2004-island-hopping-the-islands-of-the-bahamas-ministry-of-tourism,ISLAND HOPPING,THE ISLANDS OF THE BAHAMAS MINISTRY OF TOURISM,FALLON MINNEAPOLIS,2004,,,Film,0.45,fallback_default,https://www.commarts.com/project/23823/bahamas-island-hop-tour,https://lovetheworkmore.com/2004-2/
2004-italian-job-mini,ITALIAN JOB,MINI,BEAM BOSTON,2004,,,Film,0.75,\b(film|tv commercial|video|cinema|case study|vimeo|youtube)\b,https://www.youtube.com/watch?v=2IAf9TYkhUw,https://lovetheworkmore.com/2004-2/
2004-jacaranda-dulux,JACARANDA,DULUX,MULLENLOWE JOHANNESBURG,2004,,,Film,0.75,\b(film|tv commercial|video|cinema|case study|vimeo|youtube)\b,https://www.youtube.com/watch?v=AXzHBmSfOVE,https://lovetheworkmore.com/2004-2/
2004-janis-goodwink-one-show-programme,JANIS GOODWINK,ONE SHOW PROGRAMME,FALLON MINNEAPOLIS,2004,,,Film,0.75,\b(film|tv commercial|video|cinema|case study|vimeo|youtube)\b,https://www.youtube.com/watch?v=mq1Psm0NDqM,https://lovetheworkmore.com/2004-2/
2004-jenkins-career-maker-drama-mba-remind-me-fedex,"JENKINS, CAREER MAKER, DRAMA, MBA, REMIND ME",FEDEX,BBDO NEW YORK,2004,,,Film,0.45,fallback_default,https://www.mattvescovo.com/archive,https://lovetheworkmore.com/2004-2/
2004-jonah-lomu-martin-johnson-ritchie-mccaw-tana-umaga-adidas,"JONAH LOMU, MARTIN JOHNSON, RITCHIE MCCAW, TANA UMAGA",ADIDAS,180 AMSTERDAM,2004,,,Film,0.75,\b(film|tv commercial|video|cinema|case study|vimeo|youtube)\b,https://www.youtube.com/watch?v=FyIbua7BD-8,https://lovetheworkmore.com/2004-2/
2004-just-works-118118,JUST WORKS,118118,WCRS LONDON,2004,,,Film,0.45,fallback_default,https://www.hatads.org.uk/catalogue/record/34ff492b-af7c-44fd-8709-e815863fbe60,https://lovetheworkmore.com/2004-2/
2004-karate-basque-pelota-rocket-telefonica,"KARATE, BASQUE PELOTA, ROCKET",TELEFONICA,DDB SÃO PAULO,2004,,,Film,0.75,\b(film|tv commercial|video|cinema|case study|vimeo|youtube)\b,https://www.youtube.com/watch?v=MxEZPFI8j1U,https://lovetheworkmore.com/2004-2/
2004-key-campaign-student-apartments-of-oslo,KEY CAMPAIGN,STUDENT APARTMENTS OF OSLO,SAATCHI & SAATCHI OSLO,2004,,,Film,0.75,\b(film|tv commercial|video|cinema|case study|vimeo|youtube)\b,https://www.youtube.com/watch?v=1eCO0iw31S8,https://lovetheworkmore.com/2004-2/
2004-kidnapped-street-children-unicef,KIDNAPPED STREET CHILDREN,UNICEF,Y&R COPENHAGEN,2004,,,Film,0.75,\b(film|tv commercial|video|cinema|case study|vimeo|youtube)\b,https://www.youtube.com/watch?v=46SJ5y3aZ2U,https://lovetheworkmore.com/2004-2/
2004-kiss-kiss-fm,KISS,KISS FM,PBC COMUNICACAO SÃO PAULO,2004,,,Film,0.75,\b(film|tv commercial|video|cinema|case study|vimeo|youtube)\b,https://www.youtube.com/watch?v=NsdAkucggIY,https://lovetheworkmore.com/2004-2/
2004-lady-with-pram-man-walking-hutchison,"LADY WITH PRAM, MAN WALKING",HUTCHISON,OGILVY & MATHER NEW DELHI,2004,,,Film,0.45,fallback_default,https://drive.google.com/drive/folders/1VTCfXuhi57RcRHM21QvkbUjAVYPtq5_K?usp=drive_link,https://lovetheworkmore.com/2004-2/
2004-landing-heineken,LANDING,HEINEKEN,TBWA\NEBOKO AMSTERDAM,2004,,,Film,0.45,fallback_default,http://www.postkiwi.com/2007/heineken-plane-landing/,https://lovetheworkmore.com/2004-2/
2004-legends-absolut-vodka,LEGENDS,ABSOLUT VODKA,TEQUILA\BRASIL SÃO PAULO,2004,,,Film,0.75,\b(film|tv commercial|video|cinema|case study|vimeo|youtube)\b,https://www.youtube.com/watch?v=9OFCNPeGDV4,https://lovetheworkmore.com/2004-2/
2004-lollipops-to-teenagers-rocco-lollipops,LOLLIPOPS TO TEENAGERS,ROCCO LOLLIPOPS,OMD ISTANBUL,2004,,,Film,0.75,\b(film|tv commercial|video|cinema|case study|vimeo|youtube)\b,https://www.youtube.com/watch?v=hb3qb3xny6I,https://lovetheworkmore.com/2004-2/
2004-long-copy-singapore-press-holdings,LONG COPY,SINGAPORE PRESS HOLDINGS,OGILVY & MATHER SINGAPORE,2004,,,Film,0.75,\b(film|tv commercial|video|cinema|case study|vimeo|youtube)\b,https://www.youtube.com/watch?v=BONowFleeS8,https://lovetheworkmore.com/2004-2/
2004-looking-for-creatives-heimat,LOOKING FOR CREATIVES,HEIMAT,HEIMAT WERBEAGENTUR BERLIN,2004,,,Film,0.75,\b(film|tv commercial|video|cinema|case study|vimeo|youtube)\b,https://www.youtube.com/watch?v=wiOe0zBnqaI,https://lovetheworkmore.com/2004-2/
2004-mechanic-adhesive-fiat,MECHANIC ADHESIVE,FIAT,OGILVY SÃO PAULO,2004,,,Film,0.75,\b(film|tv commercial|video|cinema|case study|vimeo|youtube)\b,https://www.youtube.com/watch?v=fFyImeFUB5I,https://lovetheworkmore.com/2004-2/
2004-meriva-launch-vauxhall,MERIVA LAUNCH,VAUXHALL,TBWA\GGT,2004,,,Film,0.75,\b(film|tv commercial|video|cinema|case study|vimeo|youtube)\b,https://www.youtube.com/watch?v=NDVzOPSLa0E,https://lovetheworkmore.com/2004-2/
2004-missing-bottle-guinness,MISSING BOTTLE,GUINNESS,OGILVYONE KUALA LUMPUR,2004,,,Film,0.75,\b(film|tv commercial|video|cinema|case study|vimeo|youtube)\b,https://www.youtube.com/watch?v=hWB5J4iUNgc,https://lovetheworkmore.com/2004-2/
2004-morph-graac,MORPH,GRAAC,OGILVYONE SÃO PAULO,2004,,,Film,0.45,fallback_default,https://drive.google.com/drive/folders/1rDXrDh5Ke9rG10Bi0kwtJKcsybxNLQDL?usp=drive_link,https://lovetheworkmore.com/2004-2/
2004-musical-bottle-brewerkz,MUSICAL BOTTLE,BREWERKZ,SAATCHI & SAATCHI SINGAPORE,2004,,,Film,0.75,\b(film|tv commercial|video|cinema|case study|vimeo|youtube)\b,https://www.youtube.com/watch?v=0EqBzeMHANs,https://lovetheworkmore.com/2004-2/
2004-naked-truth-beinggirl-com,NAKED TRUTH,BEINGGIRL.COM,LEO BURNETT CHICAGO,2004,,,Film,0.75,\b(film|tv commercial|video|cinema|case study|vimeo|youtube)\b,https://www.youtube.com/watch?v=ucPSfTfjZec,https://lovetheworkmore.com/2004-2/
2004-new-electrolux-electrolux,NEW ELECTROLUX,ELECTROLUX,YOUNG & RUBICAM COPENHAGEN,2004,,,Print,0.9,\b(print|press|newspaper|magazine|poster|billboard)\b,https://www.trendhunter.com/trends/poster-electrolux-vacuum-cleaner-denmark,https://lovetheworkmore.com/2004-2/
2004-next-shift-hewlet-packard,NEXT SHIFT,HEWLET-PACKARD,GOODBY SILVERSTEIN & PARTNERS SAN FRANCISCO,2004,,,Film,0.75,\b(film|tv commercial|video|cinema|case study|vimeo|youtube)\b,https://www.youtube.com/watch?v=vK2CjT2fIZE,https://lovetheworkmore.com/2004-2/
2004-nike-id-nike,NIKE ID,NIKE,R/GA NEW YORK,2004,,,Digital,0.85,\b(digital|interactive|website|web|app|mobile)\b,http://www.denton-cardewdesign.com/nikeid-nyc,https://lovetheworkmore.com/2004-2/
2004-no-claim-discount-nrma,NO CLAIM DISCOUNT,NRMA,M&C SAATCHI SYDNEY,2004,,,Film,0.75,\b(film|tv commercial|video|cinema|case study|vimeo|youtube)\b,https://www.youtube.com/watch?v=otRH9cNaOoQ,https://lovetheworkmore.com/2004-2/
2004-now-wash-your-hands-national-phobics-society,NOW WASH YOUR HANDS,NATIONAL PHOBICS SOCIETY,HARRISON TROUGHTON WUNDERMAN LONDON,2004,,,Film,0.75,\b(film|tv commercial|video|cinema|case study|vimeo|youtube)\b,https://www.youtube.com/watch?v=S9VjeIWLnEg,https://lovetheworkmore.com/2004-2/
2004-part-good-part-bad-axe,PART GOOD PART BAD,AXE,BBH NEW YORK,2004,,,Film,0.75,\b(film|tv commercial|video|cinema|case study|vimeo|youtube)\b,https://www.youtube.com/watch?v=V7cLRgVhWTo,https://lovetheworkmore.com/2004-2/
2004-perfect-partner-habitat,PERFECT PARTNER,HABITAT,EHSBRANN LONDON,2004,,,Film,0.75,\b(film|tv commercial|video|cinema|case study|vimeo|youtube)\b,https://www.youtube.com/watch?v=yn-Dpgl467Y,https://lovetheworkmore.com/2004-2/
2004-perfectly-organized-bisley,PERFECTLY ORGANIZED,BISLEY,KOLLE REBBE HAMBURG,2004,,,Print,0.9,\b(print|press|newspaper|magazine|poster|billboard)\b,https://thisisnotadvertising.wordpress.com/2011/10/03/kolle-rebbe-werbeagentur-for-bisley-20032006-perfectly-organised/,https://lovetheworkmore.com/2004-2/
2004-plasma-inserts-panasonic,PLASMA INSERTS,PANASONIC,BBDO WELLINGTON,2004,,,Film,0.75,\b(film|tv commercial|video|cinema|case study|vimeo|youtube)\b,https://www.youtube.com/watch?v=IzCe5o_qF0k,https://lovetheworkmore.com/2004-2/
2004-plastic-surgery-virgin,PLASTIC SURGERY,VIRGIN,ILEO SYDNEY,2004,,,Film,0.75,\b(film|tv commercial|video|cinema|case study|vimeo|youtube)\b,https://www.youtube.com/watch?v=X4Hd4UycmO4,https://lovetheworkmore.com/2004-2/
2004-please-bring-me-crunchy-bites-masterfoods,PLEASE BRING ME CRUNCHY BITES,MASTERFOODS,PROXIMITY PORTUGAL LISBON,2004,,,Film,0.45,fallback_default,https://drive.google.com/file/d/1A_mexAZ6ZicqwX98NNVzrcn-4wMI2ixg/view?usp=drive_link,https://lovetheworkmore.com/2004-2/
2004-plug-in-the-video-game-fill-the-stapler-big-picture-mobile-phone-diesel,"PLUG IN THE VIDEO GAME, FILL THE STAPLER, BIG PICTURE, MOBILE PHONE",DIESEL,DIESEL MOLVENA,2004,,,Film,0.45,fallback_default,https://drive.google.com/drive/folders/1Bf32jxDKlJsQtHjOcJiBe_ErIeSqfI-e?usp=drive_link,https://lovetheworkmore.com/2004-2/
2004-polaroid-tam-airlines,POLAROID,TAM AIRLINES,DDB SÃO PAULO,2004,,,Film,0.75,\b(film|tv commercial|video|cinema|case study|vimeo|youtube)\b,https://www.youtube.com/watch?v=lxSljgwcyGQ,https://lovetheworkmore.com/2004-2/
2004-rabobank-internet-rabobank,RABOBANK INTERNET,RABOBANK,RAPP COLLINS AMSTERDAM,2004,,,Film,0.75,\b(film|tv commercial|video|cinema|case study|vimeo|youtube)\b,https://www.youtube.com/watch?v=_WzAt525CE4,https://lovetheworkmore.com/2004-2/
2004-roommates-friends-husband-dad-spca,"ROOMMATES, FRIENDS, HUSBAND, DAD",SPCA,DDB VANCOUVER,2004,,,Film,0.45,fallback_default,http://paullittleportfolio.com/#/spca/,https://lovetheworkmore.com/2004-2/
2004-save-trees-american-express,SAVE TREES,AMERICAN EXPRESS,OGILVYONE LONDON,2004,,,Direct,0.85,\b(direct|direct-marketing|mailer|dm)\b,https://adsspot.me/media/direct-marketing/american-express-save-trees-d9c80288e5d2,https://lovetheworkmore.com/2004-2/
2004-scent-strip-st-mungo-s,SCENT STRIP,ST MUNGO’S,SAATCHI & SAATCHI LONDON,2004,,,Film,0.75,\b(film|tv commercial|video|cinema|case study|vimeo|youtube)\b,https://www.youtube.com/watch?v=xyNSa8QM-i4,https://lovetheworkmore.com/2004-2/
2004-sean-herbert-sky-heineken,"SEAN, HERBERT, SKY",HEINEKEN,LEO BURNETT SYDNEY,2004,,,Film,0.75,\b(film|tv commercial|video|cinema|case study|vimeo|youtube)\b,https://www.youtube.com/watch?v=Kz17FpHULwA,https://lovetheworkmore.com/2004-2/
2004-shark-national-geographic,SHARK,NATIONAL GEOGRAPHIC,AMSTERDAM ADVERTISING,2004,,,Film,0.45,fallback_default,https://www.adsoftheworld.com/campaigns/bus-32e787ba-0a5d-4505-bf5d-10e065cf0624,https://lovetheworkmore.com/2004-2/
2004-small-dick-nz-girl,SMALL DICK,NZ GIRL,DDB AUCKLAND,2004,,,Film,0.75,\b(film|tv commercial|video|cinema|case study|vimeo|youtube)\b,https://www.youtube.com/watch?v=eUAvLhTvq5E,https://lovetheworkmore.com/2004-2/
2004-soldier-child-execution-torture-prisoner-amnesty-international,"SOLDIER CHILD, EXECUTION, TORTURE, PRISONER",AMNESTY INTERNATIONAL,BBDO MADRID,2004,,,Film,0.45,fallback_default,https://www.adsoftheworld.com/campaigns/child-soldiers,https://lovetheworkmore.com/2004-2/
2004-soul-mates-audi-a3,SOUL MATES,AUDI A3,PROXIMITY MADRID,2004,,,Film,0.75,\b(film|tv commercial|video|cinema|case study|vimeo|youtube)\b,https://www.youtube.com/watch?v=uCsxsO6fo00,https://lovetheworkmore.com/2004-2/
2004-status-match-star-alliance,STATUS MATCH,STAR ALLIANCE,HARRISON TROUGHTON WUNDERMAN LONDON,2004,,,Film,0.75,\b(film|tv commercial|video|cinema|case study|vimeo|youtube)\b,https://www.youtube.com/watch?v=dyguVxKJxPg,https://lovetheworkmore.com/2004-2/
2004-stories-about-my-grandchildren-my-wife-doesn-t-understand-me-photocopier-salesman-virgin,"STORIES ABOUT MY GRANDCHILDREN, MY WIFE DOESN’T UNDERSTAND ME, PHOTOCOPIER SALESMAN",VIRGIN,BBDO JOHANNESBURG,2004,,,Film,0.75,\b(film|tv commercial|video|cinema|case study|vimeo|youtube)\b,https://www.youtube.com/watch?v=C50cB1icJZU,https://lovetheworkmore.com/2004-2/
2004-tarantino-polanski-lynch-filmgalerie-451,TARANTINO POLANSKI LYNCH,FILMGALERIE 451,SCHOLZ & FRIENDS BERLIN,2004,,,Film,0.75,\b(film|tv commercial|video|cinema|case study|vimeo|youtube)\b,https://www.youtube.com/watch?v=E8Q4h3SQmD8,https://lovetheworkmore.com/2004-2/
2004-tree-the-costume-s-house,TREE,THE COSTUME’S HOUSE,QUORUM/NAZCA SAATCHI & SAATCHI LIMA,2004,,,Film,0.75,\b(film|tv commercial|video|cinema|case study|vimeo|youtube)\b,https://www.youtube.com/watch?v=D9-AMlS-Okc,https://lovetheworkmore.com/2004-2/
2004-truck-hands-dhl,"TRUCK, HANDS",DHL,JUNG VON MATT HAMBURG,2004,,,Print,0.9,\b(print|press|newspaper|magazine|poster|billboard)\b,https://www.dandad.org/awards/professional/2004/non-english-language-press-advertising/13652/kidnapped/,https://lovetheworkmore.com/2004-2/
2004-try-k2r-k2r,TRY K2R,K2R,TBWA\PARIS BOULOGNE-BILLANCOURT,2004,,,Film,0.75,\b(film|tv commercial|video|cinema|case study|vimeo|youtube)\b,https://www.youtube.com/watch?v=ibTxMvCZpFI&amp;ab_channel=GCCarvalho,https://lovetheworkmore.com/2004-2/
2004-tyre-dunlop,TYRE,DUNLOP,CLEMENGER BBDO DIRECT WELLINGTON,2004,,,Film,0.75,\b(film|tv commercial|video|cinema|case study|vimeo|youtube)\b,https://www.youtube.com/watch?v=7jCgaDnC1Ds,https://lovetheworkmore.com/2004-2/
2004-unilever-sculptures-maismercado,UNILEVER SCULPTURES,MAISMERCADO,MAISMERCADO LISBON,2004,,,Film,0.75,\b(film|tv commercial|video|cinema|case study|vimeo|youtube)\b,https://www.youtube.com/watch?v=9ngotluLgM8,https://lovetheworkmore.com/2004-2/
2004-vectra-estate-launch-vauxhall,VECTRA ESTATE LAUNCH,VAUXHALL,TBWA\GGT LONDON,2004,,,Film,0.75,\b(film|tv commercial|video|cinema|case study|vimeo|youtube)\b,https://www.youtube.com/watch?v=EjuH2K9cmf8,https://lovetheworkmore.com/2004-2/
2004-vidal-sassoon-branding-vidal-sassoon,VIDAL SASSOON BRANDING,VIDAL SASSOON,STARCOM TOKYO,2004,,,Film,0.75,\b(film|tv commercial|video|cinema|case study|vimeo|youtube)\b,https://www.youtube.com/watch?v=qHDDyOb7E6A,https://lovetheworkmore.com/2004-2/
2004-vw-looking-up-volkswagen,VW LOOKING UP,VOLKSWAGEN,PROXIMITY LONDON,2004,,,Film,0.75,\b(film|tv commercial|video|cinema|case study|vimeo|youtube)\b,https://www.youtube.com/watch?v=QUZGKFlmf8A,https://lovetheworkmore.com/2004-2/
2004-vw-spells-safety-volkswagen,VW SPELLS SAFETY,VOLKSWAGEN,PROXIMITY LONDON,2004,,,Film,0.75,\b(film|tv commercial|video|cinema|case study|vimeo|youtube)\b,https://www.youtube.com/watch?v=giGwlvsXPt4,https://lovetheworkmore.com/2004-2/
2004-wall-banner-gondola-us-army,"WALL, BANNER, GONDOLA",US ARMY,LEO BURNETT CHICAGO,2004,,,Film,0.75,\b(film|tv commercial|video|cinema|case study|vimeo|youtube)\b,https://www.youtube.com/watch?v=5k5GBwN8yX4,https://lovetheworkmore.com/2004-2/
2004-wrinkles-hands-buena-vista,"WRINKLES, HANDS",BUENA VISTA,SAATCHI & SAATCHI BUENOS AIRES,2004,,,Film,0.45,fallback_default,https://www.adsoftheworld.com/campaigns/eyes-3108d452-4c4b-47bf-b8a6-715045b43087,https://lovetheworkmore.com/2004-2/
2005-10000-meters-simavi,10000 METERS,SIMAVI,REDCELL NOT JUST FILM AMSTERDAM,2005,,,Film,0.45,fallback_default,https://drive.google.com/drive/folders/1nvwSwNDW1GlEhZB8ngZS2bbW6tVmnuZX?usp=sharing,https://lovetheworkmore.com/2005-2/
2005-3-hours-heinz,3 HOURS,HEINZ,LEO BURNETT MUMBAI,2005,,,Film,0.75,\b(film|tv commercial|video|cinema|case study|vimeo|youtube)\b,https://www.youtube.com/watch?v=keOaQm6RpBg,https://lovetheworkmore.com/2005-2/
2005-beard-mouth-no-arms-thorn-ring-ylat,"BEARD, MOUTH, NO ARMS, THORN RING",YLAT,TBWA BOULOGNE-BILLANCOURT,2005,,,Film,0.45,fallback_default,https://drive.google.com/drive/folders/1TrHsfsBlybFo2n4ahifWQQsDe4SZV-v4?usp=sharing,https://lovetheworkmore.com/2005-2/
2005-blanket-doctors-without-borders,BLANKET,DOCTORS WITHOUT BORDERS,DUVAL GUILLAUME BRUSSELS,2005,,,Film,0.75,\b(film|tv commercial|video|cinema|case study|vimeo|youtube)\b,https://www.youtube.com/watch?v=CBQiK-kA56U,https://lovetheworkmore.com/2005-2/
2005-bracket-volvo,BRACKET,VOLVO,FORSMAN & BODENFORS GOTHENBURG,2005,,,Film,0.75,\b(film|tv commercial|video|cinema|case study|vimeo|youtube)\b,https://www.youtube.com/watch?v=6CyHHBI2umY,https://lovetheworkmore.com/2005-2/
2005-braille-dexia,BRAILLE,DEXIA,DUVAL GUILLAUME BRUSSELS,2005,,,Film,0.45,fallback_default,https://www.shots.net/news/view/24974-dexia-braille,https://lovetheworkmore.com/2005-2/
2005-brazil-somalia-usa-china-angola-grande-reportagem-magazine,"BRAZIL, SOMALIA, USA, CHINA, ANGOLA",GRANDE REPORTAGEM MAGAZINE,FOOTE CONE & BELDING LISBON,2005,,,Film,0.75,\b(film|tv commercial|video|cinema|case study|vimeo|youtube)\b,https://www.youtube.com/watch?v=A4l_wHA8kvk,https://lovetheworkmore.com/2005-2/
2005-butterfly-children-debra-austria,BUTTERFLY CHILDREN,DEBRA AUSTRIA,OGILVY VIENNA,2005,,,Film,0.75,\b(film|tv commercial|video|cinema|case study|vimeo|youtube)\b,https://www.youtube.com/watch?v=r1PYiPqm_gE,https://lovetheworkmore.com/2005-2/
2005-chaplin-churchill-newton-anglican-welfare-council,"CHAPLIN, CHURCHILL, NEWTON",ANGLICAN WELFARE COUNCIL,OGILVY SINGAPORE,2005,,,Film,0.45,fallback_default,https://www.eugenecheong.com/anglican-welfare-council,https://lovetheworkmore.com/2005-2/
2005-chinese-restaurant-tree-garden-accounting-group-removals-truck-taxi-west-de-telefoongids,"CHINESE RESTAURANT, TREE & GARDEN, ACCOUNTING GROUP, REMOVALS TRUCK, TAXI WEST",DE TELEFOONGIDS,N=5 AMSTERDAM,2005,,,Film,0.75,\b(film|tv commercial|video|cinema|case study|vimeo|youtube)\b,https://www.youtube.com/watch?v=-19htryPk1E,https://lovetheworkmore.com/2005-2/
2005-come-clean-method,COME CLEAN,METHOD,CP+B MIAMI,2005,,,Digital,0.85,\b(digital|interactive|website|web|app|mobile)\b,http://briantierney.squarespace.com/window,https://lovetheworkmore.com/2005-2/
2005-corletto-training-nike,CORLETTO TRAINING,NIKE,BBDO BUENOS AIRES,2005,,,Film,0.75,\b(film|tv commercial|video|cinema|case study|vimeo|youtube)\b,https://www.youtube.com/watch?v=nSP75VIgQek,https://lovetheworkmore.com/2005-2/
2005-couples-volkswagen,COUPLES,VOLKSWAGEN,BBDO SÃO PAULO,2005,,,Film,0.75,\b(film|tv commercial|video|cinema|case study|vimeo|youtube)\b,https://www.youtube.com/watch?v=0NlPZfPZVnU,https://lovetheworkmore.com/2005-2/
2005-crowd-car-famous-umbro,"CROWD, CAR, FAMOUS",UMBRO,NEOGAMA SÃO PAULO,2005,,,Film,0.75,\b(film|tv commercial|video|cinema|case study|vimeo|youtube)\b,https://www.youtube.com/watch?v=sJ9uF8XeC-o,https://lovetheworkmore.com/2005-2/
2005-for-boys-who-were-always-men-volkswagen,FOR BOYS WHO WERE ALWAYS MEN,VOLKSWAGEN,DDB BERLIN,2005,,,Film,0.75,\b(film|tv commercial|video|cinema|case study|vimeo|youtube)\b,https://www.youtube.com/watch?v=O-M8cqWccdw,https://lovetheworkmore.com/2005-2/
2005-give-red-cross,GIVE,RED CROSS,JWT CHENNAI,2005,,,Film,0.75,\b(film|tv commercial|video|cinema|case study|vimeo|youtube)\b,https://www.youtube.com/watch?v=6S1M1NxfjvY,https://lovetheworkmore.com/2005-2/
2005-grip-pads-towels-axe,"GRIP PADS, TOWELS",AXE,BBH NEW YORK,2005,,,Film,0.75,\b(film|tv commercial|video|cinema|case study|vimeo|youtube)\b,https://www.youtube.com/watch?v=V7cLRgVhWTo,https://lovetheworkmore.com/2005-2/
2005-handkerchief-volkswagen,HANDKERCHIEF,VOLKSWAGEN,BBDO SÃO PAULO,2005,,,Film,0.75,\b(film|tv commercial|video|cinema|case study|vimeo|youtube)\b,https://www.youtube.com/watch?v=mY4IJ25dNDY,https://lovetheworkmore.com/2005-2/
2005-heart-exchange-and-mart,HEART,EXCHANGE AND MART,JWT LONDON,2005,,,Film,0.75,\b(film|tv commercial|video|cinema|case study|vimeo|youtube)\b,https://www.youtube.com/watch?v=ou2OKHVuneQ,https://lovetheworkmore.com/2005-2/
2005-kid-lady-forest-pedigree,"KID, LADY, FOREST",PEDIGREE,TBWA\BOULOGNE-BILLANCOURT,2005,,,Film,0.75,\b(film|tv commercial|video|cinema|case study|vimeo|youtube)\b,https://www.youtube.com/watch?v=6XI10h1mcQ4,https://lovetheworkmore.com/2005-2/
2005-living-room-bedroom-ddb,"LIVING ROOM, BEDROOM",DDB,DDB VANCOUVER,2005,,,Film,0.75,\b(film|tv commercial|video|cinema|case study|vimeo|youtube)\b,https://www.youtube.com/watch?v=sQxs25LLmQg,https://lovetheworkmore.com/2005-2/
2005-main-cause-of-blindness-fundacao-eye-care,MAIN CAUSE OF BLINDNESS,FUNDACAO EYE CARE,BBDO SÃO PAULO,2005,,,Film,0.75,\b(film|tv commercial|video|cinema|case study|vimeo|youtube)\b,https://www.youtube.com/watch?v=neK3H_B26Io,https://lovetheworkmore.com/2005-2/
2005-montreal-city-urban-operator-madeinmtl,MONTREAL CITY URBAN OPERATOR,MADEINMTL,BLUESPONGE MONTREAL,2005,,,Design,0.85,\b(design|identity|branding|packaging)\b,https://www.commarts.com/project/22616/madeinmtl-the-urban-operator,https://lovetheworkmore.com/2005-2/
2005-paperclip-sony,PAPERCLIP,SONY,TONIC INTERNATIONAL DUBAI,2005,,,Film,0.75,\b(film|tv commercial|video|cinema|case study|vimeo|youtube)\b,https://www.youtube.com/watch?v=4LswQfogv7s,https://lovetheworkmore.com/2005-2/
2005-pendulum-time,PENDULUM,TIME,FALLON USA,2005,,,Film,0.75,\b(film|tv commercial|video|cinema|case study|vimeo|youtube)\b,https://www.youtube.com/watch?v=02w9lSii_Hs,https://lovetheworkmore.com/2005-2/
2005-peru-thailand-vietnam-india-foundation-ramon-rubial,"PERU, THAILAND, VIETNAM, INDIA",FOUNDATION RAMON RUBIAL,JWT BARCELONA,2005,,,Film,0.45,fallback_default,https://www.adsoftheworld.com/campaigns/india-c01f2574-b2b7-4ccc-8b16-a2b2cacd4c50,https://lovetheworkmore.com/2005-2/
2005-police-officer-exam-cheat-note-reckitt-benckiser,"POLICE OFFICER, EXAM CHEAT NOTE",RECKITT BENCKISER,THE JUPITER DRAWING ROOM JOHANNESBURG,2005,,,Film,0.75,\b(film|tv commercial|video|cinema|case study|vimeo|youtube)\b,https://www.youtube.com/watch?v=582ebSpSt3g,https://lovetheworkmore.com/2005-2/
2005-read-it-before-hollywood-does-national-library,READ IT BEFORE HOLLYWOOD DOES,NATIONAL LIBRARY,LEO BURNETT PRAGUE,2005,,,Film,0.75,\b(film|tv commercial|video|cinema|case study|vimeo|youtube)\b,https://www.youtube.com/watch?v=FlKMlGP9N6Y,https://lovetheworkmore.com/2005-2/
2005-run-companhia-athletica,RUN,COMPANHIA ATHLETICA,DDB SÃO PAULO,2005,,,Film,0.45,fallback_default,https://www.mmazzariol.com/run,https://lovetheworkmore.com/2005-2/
2005-sam-che-skull-wickbold,"SAM, CHE, SKULL",WICKBOLD,PBC COMUNICACAO SÃO PAULO,2005,,,Film,0.45,fallback_default,https://drive.google.com/drive/folders/1-noDebYrfz5RohxVgTeSQtQLNChAjl1t?usp=sharing,https://lovetheworkmore.com/2005-2/
2005-smoking-orang-utan-ape-casualties-leopard-officer-lizard-retreating-oroverde,"SMOKING ORANG UTAN, APE CASUALTIES, LEOPARD OFFICER, LIZARD RETREATING",OROVERDE,OGILVY FRANKFURT,2005,,,Film,0.75,\b(film|tv commercial|video|cinema|case study|vimeo|youtube)\b,https://www.youtube.com/watch?v=R37Ve7pTOyA,https://lovetheworkmore.com/2005-2/
2005-soldier-karate-spy-ephydrol,"SOLDIER, KARATE, SPY",EPHYDROL,TBWA\BOULOGNE-BILLANCOURT,2005,,,Film,0.75,\b(film|tv commercial|video|cinema|case study|vimeo|youtube)\b,https://www.youtube.com/watch?v=PZ-h_Ho0TSU,https://lovetheworkmore.com/2005-2/
2005-sounds-of-summer-mercedes-benz,SOUNDS OF SUMMER,MERCEDES BENZ,SPRINGER & JACOBY WERBUNG HAMBURG,2005,,,Film,0.45,fallback_default,https://www.adsoftheworld.com/campaigns/sounds-of-summer,https://lovetheworkmore.com/2005-2/
2005-station-main-square-bel-group,"STATION, MAIN SQUARE",BEL GROUP,SAATCHI & SAATCHI MADRID,2005,,,Film,0.75,\b(film|tv commercial|video|cinema|case study|vimeo|youtube)\b,https://www.youtube.com/watch?v=abj9rKS1RqY,https://lovetheworkmore.com/2005-2/
2005-the-guitar-a-star-the-princess-talk-talk,"THE GUITAR, A STAR, THE PRINCESS",TALK TALK,BBDO SÃO PAULO,2005,,,Film,0.45,fallback_default,https://drive.google.com/drive/folders/1TbN6oXoERvz6Lkv7syz0lEK2ENimny-Q?usp=sharing,https://lovetheworkmore.com/2005-2/
2005-the-race-charal,THE RACE,CHARAL,LEO BURNETT PARIS,2005,,,Print,0.9,\b(print|press|newspaper|magazine|poster|billboard)\b,https://www.luerzersarchive.com/en/magazine/commercial-detail/charal-31671.html,https://lovetheworkmore.com/2005-2/
2005-the-squeeze-espn-miller-lite,THE SQUEEZE,ESPN/MILLER LITE,HEADQUARTERS NEW YORK,2005,,,Film,0.45,fallback_default,https://seanvij.com/work#/thesqueeze/,https://lovetheworkmore.com/2005-2/
2005-ugoff-burger-king,UGOFF,BURGER KING,CP+B MIAMI,2005,,,Film,0.75,\b(film|tv commercial|video|cinema|case study|vimeo|youtube)\b,https://www.youtube.com/watch?v=aJUhfea3gIM,https://lovetheworkmore.com/2005-2/
2005-wading-depth-volkswagen,WADING DEPTH,VOLKSWAGEN,GRABARZ & PARTNER HAMBURG,2005,,,Film,0.75,\b(film|tv commercial|video|cinema|case study|vimeo|youtube)\b,https://www.youtube.com/watch?v=b8HxTtlAFwk,https://lovetheworkmore.com/2005-2/
2005-well-spontex,WELL,SPONTEX,TBWA\BOULOGNE-BILLANCOURT,2005,,,Film,0.75,\b(film|tv commercial|video|cinema|case study|vimeo|youtube)\b,https://www.youtube.com/watch?v=sOvIx6KYyNE,https://lovetheworkmore.com/2005-2/
