year,playlist,video_title,video_url
2025,"2025 Ads of Super Bowl LIX (59)","Martha Stewart for Glide-Step Skechers Slip-ins","https://www.youtube.com/watch?v=ZDy_h1UA_M4"
2025,"2025 Ads of Super Bowl LIX (59)","Abduction","https://www.youtube.com/watch?v=sIAnQwiCpRc"
2025,"2025 Ads of Super Bowl LIX (59)","Marvel Studios‚Äô Thunderbolts* | Big Game Trailer | In Theaters May 2","https://www.youtube.com/watch?v=hUUszE29jS0"
2025,"2025 Ads of Super Bowl LIX (59)","A New Era in Connectivity ‚Äì T-Satellite | T-Mobile","https://www.youtube.com/watch?v=HLw6ZovMpLI"
2025,"2025 Ads of Super Bowl LIX (59)","Taco Bell 2025 Big Game Ad | The Fans feat. Doja Cat and LeBron","https://www.youtube.com/watch?v=rzJPAqhIbXw"
2025,"2025 Ads of Super Bowl LIX (59)","Tubi | He was Born to Love Westerns | Super Bowl LIX","https://www.youtube.com/watch?v=pu3pS2OtdS8"
2025,"2025 Ads of Super Bowl LIX (59)","Jeep¬Æ | Big Game | Harrison Ford x Jeep | Owner‚Äôs Manual","https://www.youtube.com/watch?v=cDn_uFEXGXk"
2025,"2025 Ads of Super Bowl LIX (59)","Lilo & Stitch | Stitch Runs Loose At The Big Game | In Theaters May 23","https://www.youtube.com/watch?v=gqxwX1ZYg58"
2025,"2025 Ads of Super Bowl LIX (59)","Fetch | The Big Reward Ad","https://www.youtube.com/watch?v=-vmJfJVRyA0"
2025,"2025 Ads of Super Bowl LIX (59)","Kendrick Lamar's Apple Music Super Bowl Halftime Show","https://www.youtube.com/watch?v=KDorKy-13ak"
2025,"2025 Ads of Super Bowl LIX (59)","The Kick of Destiny 3 - A recap of Eli vs Peyton Manning","https://www.youtube.com/watch?v=EFkCnzboCEM"
2025,"2025 Ads of Super Bowl LIX (59)","‚ÄòYour Attention, Please‚Äô","https://www.youtube.com/watch?v=vVCU6sg8cjk"
2025,"2025 Ads of Super Bowl LIX (59)","Liquid Death ‚ÄòSafe For Work‚Äô Big Game Commercial","https://www.youtube.com/watch?v=jqtWWWhIMas"
2025,"2025 Ads of Super Bowl LIX (59)","ChatGPT | The Intelligence Age","https://www.youtube.com/watch?v=kIhb5pEo_j0"
2025,"2025 Ads of Super Bowl LIX (59)","Dream Job | Google Pixel SB Commercial 2025","https://www.youtube.com/watch?v=-7e6g11BJc0"
2025,"2025 Ads of Super Bowl LIX (59)","A smile in the RITZ Salty Club? Not happening.","https://www.youtube.com/watch?v=Sq7uRqOldeQ"
2025,"2025 Ads of Super Bowl LIX (59)","‚ÄúWhat If‚Äù | Big Game Spot | Disney+","https://www.youtube.com/watch?v=8May3405b_o"
2025,"2025 Ads of Super Bowl LIX (59)","Pfizer | Big Game Commercial 2025 | Knock Out","https://www.youtube.com/watch?v=wNLhMZuA00c"
2025,"2025 Ads of Super Bowl LIX (59)","Bosch Big Game Ad 2025 | The More You Bosch","https://www.youtube.com/watch?v=Zn_sUFnwHDg"
2025,"2025 Ads of Super Bowl LIX (59)","Novocaine | Big Game Spot (2025 Movie) - Jack Quaid, Amber Midthunder, Ray Nicholson, Jacob Batalon","https://www.youtube.com/watch?v=hKBxN5Fllhg"
2025,"2025 Ads of Super Bowl LIX (59)","DoorDash | DashPass Math :30","https://www.youtube.com/watch?v=_fHqcDASbGs"
2025,"2025 Ads of Super Bowl LIX (59)","WeatherTech Big Game Commercial 2025 : Whatever Comes Your Way  - 30 Seconds","https://www.youtube.com/watch?v=SvcpZ-GuOgo"
2025,"2025 Ads of Super Bowl LIX (59)","Chazmo Finally Goes Home: Totino's Pizza Rolls :30 Big Game Ad","https://www.youtube.com/watch?v=FIYkPHUiCW4"
2025,"2025 Ads of Super Bowl LIX (59)","Skechers with Andy Reid - 2025 Big Game Ad","https://www.youtube.com/watch?v=6g3s16dPsik"
2025,"2025 Ads of Super Bowl LIX (59)","Stella Artois | David & Dave: The Other David","https://www.youtube.com/watch?v=GAoeGC-eL4I"
2025,"2025 Ads of Super Bowl LIX (59)","A Tale As Old As Websites | Big Game Commercial 2025 | Squarespace","https://www.youtube.com/watch?v=LC5V4aIoWes"
2025,"2025 Ads of Super Bowl LIX (59)","NERDS Big Game Commercial ft. Shaboozey | Official :30 | 2025","https://www.youtube.com/watch?v=nwcZ2dxPUo0"
2025,"2025 Ads of Super Bowl LIX (59)","No Reason to Hate | Super Bowl LIX Commercial | 30","https://www.youtube.com/watch?v=AOxm8LmH7Y4"
2025,"2025 Ads of Super Bowl LIX (59)","Hey Meta, Who Eats Art? Ft. Chris Hemsworth, Chris Pratt and Kris Jenner | Ray-Ban Meta Glasses","https://www.youtube.com/watch?v=-cqwXxUo_q8"
2025,"2025 Ads of Super Bowl LIX (59)","LAY'S¬Æ | The Little Farmer | :60","https://www.youtube.com/watch?v=gmzklpZFNiE"
2025,"2025 Ads of Super Bowl LIX (59)","A Century of Cravings | Uber Eats","https://www.youtube.com/watch?v=fIoMjrfGy28"
2025,"2025 Ads of Super Bowl LIX (59)","How Google AI is helping American small businesses","https://www.youtube.com/watch?v=cym-JwNa-Vg"
2025,"2025 Ads of Super Bowl LIX (59)","Get your stay ridiculously right ‚îÇ Booking.com 2025 Big Game Ad","https://www.youtube.com/watch?v=laBjQ9uJDg8"
2025,"2025 Ads of Super Bowl LIX (59)","REESE'S | Don't Eat Lava","https://www.youtube.com/watch?v=tU_vZpbnYF4"
2025,"2025 Ads of Super Bowl LIX (59)","""Unidentified Frying Object"" | HexClad Super Bowl (Full Commercial)","https://www.youtube.com/watch?v=2cK-v7sSiUI"
2025,"2025 Ads of Super Bowl LIX (59)","‚ÄúWe‚Äôre Here‚Äù Big Game Spot I Instacart","https://www.youtube.com/watch?v=nVUPazjaHl8"
2025,"2025 Ads of Super Bowl LIX (59)","Born To Be Wild | WeatherTech","https://www.youtube.com/watch?v=tKwh3AAxI7s"
2025,"2025 Ads of Super Bowl LIX (59)","When Sally Met Hellmann's :30 - Super Bowl Commercial 2025","https://www.youtube.com/watch?v=RIXB-7RHjBY"
2025,"2025 Ads of Super Bowl LIX (59)","Hims Big Game Commercial: ‚ÄúSick of the System‚Äù","https://www.youtube.com/watch?v=iOXWmZbA2Io"
2025,"2025 Ads of Super Bowl LIX (59)","State Farm Pulls Super Bowl Commercial After LA Fires","https://www.youtube.com/watch?v=-EQCWqpMEvo"
2025,"2025 Ads of Super Bowl LIX (59)","Budweiser | Super Bowl LIX 'First Delivery'","https://www.youtube.com/watch?v=K0iKgJXy_gk"
2025,"2025 Ads of Super Bowl LIX (59)","Kendrick Lamar headlines #AppleMusicHalftime | Apple Music SBLIX Halftime Show (Official Trailer)","https://www.youtube.com/watch?v=Hx1pHFyCFDk"
2024,"2024 Ads of Super Bowl LVIII (58)","Superbowl-ads.com Top 5 Ads of 2024","https://www.youtube.com/watch?v=KDLwIebhs9o"
2024,"2024 Ads of Super Bowl LVIII (58)","Dunkin‚Äô ‚ÄòDunKings‚Äô ft. Ben Affleck, Matt Damon, Jennifer Lopez, and Fat Joe","https://www.youtube.com/watch?v=ROY3rr2hia0"
2024,"2024 Ads of Super Bowl LVIII (58)","Dunkin‚Äô ‚ÄòPopstar‚Äô ft. Ben Affleck & Charli D‚ÄôAmelio","https://www.youtube.com/watch?v=JvVaPHxfPgM"
2024,"2024 Ads of Super Bowl LVIII (58)","DoorDash | DoorDash All the Ads - :30","https://www.youtube.com/watch?v=DTLM5o-9hYg"
2024,"2024 Ads of Super Bowl LVIII (58)","Verizon - Can't Be Broken (2024)","https://www.youtube.com/watch?v=QrQQgLH0p_Y"
2024,"2024 Ads of Super Bowl LVIII (58)","Super Bowl LVIII (58) Commercial: Drumstick - Dr. Umstick (2024)","https://www.youtube.com/watch?v=WmpmKkRDQZg"
2024,"2024 Ads of Super Bowl LVIII (58)","Super Bowl LVIII (58) Commercial: Reese's Cups - Yes (2024)","https://www.youtube.com/watch?v=xXKuSJy5cPE"
2024,"2024 Ads of Super Bowl LVIII (58)","Super Bowl LVIII (58) Commercial: Hellman's - Mayo Cat (2024)","https://www.youtube.com/watch?v=sn4_CjtmQKw"
2024,"2024 Ads of Super Bowl LVIII (58)","Volkswagen - An American Love Story (2024)","https://www.youtube.com/watch?v=pUhq4w9mKWg"
2024,"2024 Ads of Super Bowl LVIII (58)","""Well Said"" | Big Game Spot | Disney+","https://www.youtube.com/watch?v=vQ88JB-lgtQ"
2024,"2024 Ads of Super Bowl LVIII (58)","Dunkin‚Äô ‚ÄòThe DunKings‚Äô ft Ben Affleck, Matt Damon, Tom Brady, Jack Harlow, Jennifer Lopez, & Fat Joe","https://www.youtube.com/watch?v=Ve2miT5iF2M"
2024,"2024 Ads of Super Bowl LVIII (58)","Can‚Äôt B Broken","https://www.youtube.com/watch?v=r7jpCZ1ju9I"
2024,"2024 Ads of Super Bowl LVIII (58)","NFL Sunday Ticket | Migration","https://www.youtube.com/watch?v=NBuB85VsZfI"
2024,"2024 Ads of Super Bowl LVIII (58)","Robert Kennedy Jr Super Bowl Ad 2024 üá∫üá∏| American Values RFK JR","https://www.youtube.com/watch?v=nvXJJRjGVT4"
2024,"2024 Ads of Super Bowl LVIII (58)","REESE'S Post Game Commercial :07","https://www.youtube.com/watch?v=pO6czBqzX-s"
2024,"2024 Ads of Super Bowl LVIII (58)","Monkey Man | Elevator","https://www.youtube.com/watch?v=AJNUI0WqEdE"
2024,"2024 Ads of Super Bowl LVIII (58)","Michael CeraVe","https://www.youtube.com/watch?v=vAf5TjiUJgo"
2024,"2024 Ads of Super Bowl LVIII (58)","Bass Pro Shops 2024 Super Bowl Commercial - Making Memories On The Water","https://www.youtube.com/watch?v=ubSnD737JaM"
2024,"2024 Ads of Super Bowl LVIII (58)","#StandUpToJewishHate: Silence - Super Bowl LVIII Full Video","https://www.youtube.com/watch?v=D6HUxANY8z8"
2024,"2024 Ads of Super Bowl LVIII (58)","In e.l.f we Trust | e.l.f Cosmetics Game Day Commercial 2024 (:30s Version)","https://www.youtube.com/watch?v=DXfWY8GpX8Y"
2024,"2024 Ads of Super Bowl LVIII (58)","NFL Super Bowl LVIII || Born to Play","https://www.youtube.com/watch?v=7glIC7OaIro"
2024,"2024 Ads of Super Bowl LVIII (58)","Pluto TV Couch Potato Farms","https://www.youtube.com/watch?v=4mPKDEfo0UM"
2024,"2024 Ads of Super Bowl LVIII (58)","Auditions | 2024 Big Game Day Commercial | T-Mobile","https://www.youtube.com/watch?v=PjCSipST46I"
2024,"2024 Ads of Super Bowl LVIII (58)","FanDuel Kick of Destiny 2 featuring Rob Gronkowski","https://www.youtube.com/watch?v=bXrhgATNVbE"
2024,"2024 Ads of Super Bowl LVIII (58)","Temu's Big Game Ad Encore TV Commercial 2024","https://www.youtube.com/watch?v=5Od0aOse1wc"
2024,"2024 Ads of Super Bowl LVIII (58)","Kingdom of the Planet of the Apes | Official Trailer","https://www.youtube.com/watch?v=XtFI7SNtVpY"
2024,"2024 Ads of Super Bowl LVIII (58)","Wicked - First Look","https://www.youtube.com/watch?v=F1dvX9Vs0ns"
2024,"2024 Ads of Super Bowl LVIII (58)","CrowdStrike | The Future | Extended Cut","https://www.youtube.com/watch?v=BEkziTXz9Js"
2024,"2024 Ads of Super Bowl LVIII (58)","Deadpool & Wolverine | Official Teaser | In Theaters July 26","https://www.youtube.com/watch?v=uJMCNJP2ipI"
2024,"2024 Ads of Super Bowl LVIII (58)","DON'T FORGET UBER EATS","https://www.youtube.com/watch?v=Y7mLeyIETu0"
2024,"2024 Ads of Super Bowl LVIII (58)","TurboTax 2024 Super Bowl Sweepstakes & Commercial - The TurboTax Super Bowl File (Official Ad :45)","https://www.youtube.com/watch?v=8f2Qk0mxYUE"
2024,"2024 Ads of Super Bowl LVIII (58)","Say wHuuuut?!","https://www.youtube.com/watch?v=KQBBk9RJqrM"
2024,"2024 Ads of Super Bowl LVIII (58)","Superbowl-ads.com Promo - Created with AI","https://www.youtube.com/watch?v=-1A2uwFpCx0"
2024,"2024 Ads of Super Bowl LVIII (58)","The Future of Soda is Now | Poppi Super Bowl LVIII 2024 Commercial","https://www.youtube.com/watch?v=kwUJq0DA0xo"
2024,"2024 Ads of Super Bowl LVIII (58)","A Quiet Place: Day One | Big Game Spot (2024 Movie) - Lupita Nyong'o, Joseph Quinn","https://www.youtube.com/watch?v=j2HKj8ZOvJg"
2024,"2024 Ads of Super Bowl LVIII (58)","In e.l.f we Trust | e.l.f Cosmetics Game Day Commercial 2024","https://www.youtube.com/watch?v=kjVf8ptmDmk"
2024,"2024 Ads of Super Bowl LVIII (58)","Hello Down There (Extended) - Directed by Martin Scorsese | Big Game Commercial 2024 | Squarespace","https://www.youtube.com/watch?v=xp5v3-3Hc-E"
2024,"2024 Ads of Super Bowl LVIII (58)","‚ÄúDareful Handle‚Äù | The all-new 2024 Tacoma | Toyota Super Bowl LVIII Commercial","https://www.youtube.com/watch?v=fQ7Az_7pzDM"
2024,"2024 Ads of Super Bowl LVIII (58)","United ‚Äî Big Game Commercial: Believing Changes Everything :30","https://www.youtube.com/watch?v=U3g8AT8NRwM"
2024,"2024 Ads of Super Bowl LVIII (58)","Hello Down There - Directed by Martin Scorsese | Big Game Commercial 2024 | Squarespace","https://www.youtube.com/watch?v=OBcd8S0YYuU"
2024,"2024 Ads of Super Bowl LVIII (58)","Hard Knocks: A Dove Big Game Film | #KeepHerConfident","https://www.youtube.com/watch?v=g0D5MU6_0n0"
2024,"2024 Ads of Super Bowl LVIII (58)","NERDS Big Game Commercial ft. Addison Rae | Official :30 | 2024","https://www.youtube.com/watch?v=-kI-vfyl2mo"
2024,"2024 Ads of Super Bowl LVIII (58)","DON'T FORGET UBER EATS","https://www.youtube.com/watch?v=0LXSb0PQ6HQ"
2024,"2024 Ads of Super Bowl LVIII (58)","Superbowl-ads.com 2024 Promo - Created with AI","https://www.youtube.com/watch?v=s0QnPXfdG4I"
2024,"2024 Ads of Super Bowl LVIII (58)","""The Wait Is Over"" :60","https://www.youtube.com/watch?v=zo8PQgark7c"
2024,"2024 Ads of Super Bowl LVIII (58)","Christopher Walken in ""Talkin Like Walken"" (ft. Usher)","https://www.youtube.com/watch?v=sfB-glrgn5o"
2024,"2024 Ads of Super Bowl LVIII (58)","Field of Fake","https://www.youtube.com/watch?v=BdLNdYe4pRQ"
2024,"2024 Ads of Super Bowl LVIII (58)","IF | Big Game Tease (2024 Movie) - Ryan Reynolds, John Krasinski, Steve Carell","https://www.youtube.com/watch?v=6QzggPsjJKc"
2024,"2024 Ads of Super Bowl LVIII (58)","That T-Mobile Home Internet Feeling | 2024 Big Game Day Commercial | T-Mobile Home Internet","https://www.youtube.com/watch?v=YVeCwSWNLrM"
2024,"2024 Ads of Super Bowl LVIII (58)","Budweiser | Super Bowl LVIII Old School Delivery","https://www.youtube.com/watch?v=8C4DNSV3IRE"
2024,"2024 Ads of Super Bowl LVIII (58)","Superbowl-ads.com Promo - Created with AI","https://www.youtube.com/watch?v=4JoT6U7BzII"
2024,"2024 Ads of Super Bowl LVIII (58)","Gift Mode: Etsy‚Äôs 2024 Big Game Commercial","https://www.youtube.com/watch?v=cXT8JgdvCHc"
2024,"2024 Ads of Super Bowl LVIII (58)","ST≈çK Cold Brew Unleashes Sir Anthony Hopkins' Inner Wred Dragon","https://www.youtube.com/watch?v=XZmMvVCcW0M"
2024,"2024 Ads of Super Bowl LVIII (58)","Javier in Frame | Google Pixel SB Commercial 2024","https://www.youtube.com/watch?v=wYPTZIFQoDQ"
2024,"2024 Ads of Super Bowl LVIII (58)","Superbowl-ads.com Promo - Created with AI","https://www.youtube.com/watch?v=3aQ18_92RL4"
2024,"2024 Ads of Super Bowl LVIII (58)","Tina Fey books whoever she wants to be | Booking.com 2024 Big Game ad","https://www.youtube.com/watch?v=5UiFkOJoP-8"
2024,"2024 Ads of Super Bowl LVIII (58)","Silk Feel Planty Good","https://www.youtube.com/watch?v=oGnyO_lEW2E"
2024,"2024 Ads of Super Bowl LVIII (58)","Lindt LINDOR 'Life is a Ball' - 30s (2024)","https://www.youtube.com/watch?v=Neul4wINfUQ"
2024,"2024 Ads of Super Bowl LVIII (58)","Superbowl-ads.com Promo - Created with AI","https://www.youtube.com/watch?v=a3-YOGZAFMk"
2024,"2024 Ads of Super Bowl LVIII (58)","Imagine a world where the twist of an OREO could change everything. Literally everything.","https://www.youtube.com/watch?v=H3EsFtUCOno"
2024,"2024 Ads of Super Bowl LVIII (58)","On Tour w Armani White - Build Your Own Craving Box (Commercial) | Taco Bell","https://www.youtube.com/watch?v=34ufNgaubKE"
2024,"2024 Ads of Super Bowl LVIII (58)","Superbowl-ads.com 2024 Promo - Created with AI","https://www.youtube.com/watch?v=BS2hNeQFvkk"
2024,"2024 Ads of Super Bowl LVIII (58)","TurboTax Live 2024 Commercial ""Family Tradition"" (Official TV Ad :30)","https://www.youtube.com/watch?v=6r2dFnuduzQ"
2024,"2024 Ads of Super Bowl LVIII (58)","Halo The Series | Season 2 | Fight As One | Paramount+","https://www.youtube.com/watch?v=ol7iE77tc4o"
2024,"2024 Ads of Super Bowl LVIII (58)","Superbowl-ads.com 2024 Promo - Created with AI","https://www.youtube.com/watch?v=FwWXlPNVjSM"
2024,"2024 Ads of Super Bowl LVIII (58)","TurboTax Live 2024 Commercial ""Streamer"" (Official TV Ad :30)","https://www.youtube.com/watch?v=-KaqylHLfI0"
2024,"2024 Ads of Super Bowl LVIII (58)","TurboTax Live 2024 Commercial ""Moon"" (Official TV Ad :15)","https://www.youtube.com/watch?v=cGB6I96jo88"
2024,"2024 Ads of Super Bowl LVIII (58)","Superbowl-ads.com 2024 Promo - Created with AI","https://www.youtube.com/watch?v=x2Mtcs_0Sxw"
2024,"2024 Ads of Super Bowl LVIII (58)","Superbowl-ads.com 2024 Promo - Created with AI","https://www.youtube.com/watch?v=PwEXc-thCNM"
2024,"2024 Ads of Super Bowl LVIII (58)","Hello Las Vegas, Pepsi has arrived!","https://www.youtube.com/watch?v=FEDieQ3WEso"
2024,"2024 Ads of Super Bowl LVIII (58)","Super Bowl 2024 commercials: Which ads scored with viewers?","https://www.youtube.com/watch?v=-gL_VBdvoFE"
2023,"All the 2023 Super Bowl commercials","Heineken 0.0 | Ant-Man and The Wasp: Quantumania - Now You Can, Before Saving the Day!","https://www.youtube.com/watch?v=miA1puOViJg"
2023,"All the 2023 Super Bowl commercials","The High Stakes Beer Ad | Miller Lite Big Game Teaser :30","https://www.youtube.com/watch?v=8Ydji9v9vdw"
2023,"All the 2023 Super Bowl commercials","NFL Super Bowl LVII Teaser || Housekeeping ft. Aidan Hutchinson and Cam Heyward","https://www.youtube.com/watch?v=t-spo9jFYnw"
2023,"All the 2023 Super Bowl commercials","Gardener | Official Clip","https://www.youtube.com/watch?v=RbcgKmGCTJ4"
2023,"All the 2023 Super Bowl commercials","Bleachers | Official Clip","https://www.youtube.com/watch?v=sS5c0dWofQY"
2023,"All the 2023 Super Bowl commercials","A Mountain of Entertainment | ‚ÄúStallone Face‚Äù Big Game Commercial | Paramount+","https://www.youtube.com/watch?v=TJsngjDn9Qc"
2023,"All the 2023 Super Bowl commercials","‚ÄúMonday‚Äù Working with Cancer Pledge","https://www.youtube.com/watch?v=Opw4UyHDlBY"
2023,"All the 2023 Super Bowl commercials","Sam Adams | 2023 Big Game Commercial | Your Cousin‚Äôs Brighter Boston","https://www.youtube.com/watch?v=yDo0wX1pK4c"
2023,"All the 2023 Super Bowl commercials","Melissa McCarthy in ""Somewhere, Anywhere"" | Booking.com 2023 Big Game Ad","https://www.youtube.com/watch?v=GizRGO3PVD8"
2023,"All the 2023 Super Bowl commercials","The Busch Guide: Cold + Smooth Survival Skills","https://www.youtube.com/watch?v=cGZRMC3S9Ic"
2023,"All the 2023 Super Bowl commercials","Downy Unstopables Super Bowl Commercial: Call Me Downy McBride","https://www.youtube.com/watch?v=8Bsgj1ihEOg"
2023,"All the 2023 Super Bowl commercials","Pringles | Best of Us :30","https://www.youtube.com/watch?v=gKCScoG83SA"
2023,"All the 2023 Super Bowl commercials","WeatherTech Big Game 2023: We All Win","https://www.youtube.com/watch?v=h5D5BQM6D-M"
2023,"All the 2023 Super Bowl commercials","The Roast Of Mr. Peanut¬Æ 02.12.23 #MadeToBeRoasted","https://www.youtube.com/watch?v=Q1IMqaAD8ik"
2023,"All the 2023 Super Bowl commercials","Scream VI | Official Teaser Trailer (2023 Movie)","https://www.youtube.com/watch?v=pQLb4yBwxvg"
2023,"All the 2023 Super Bowl commercials","The Singularity (Extended) | Big Game Commercial 2023 | Squarespace","https://www.youtube.com/watch?v=lIf27sHt2QA"
2023,"All the 2023 Super Bowl commercials","New year. New neighbor. | 2023 Big Game Day Commercial | T-Mobile Home Internet","https://www.youtube.com/watch?v=jSO-Whn2sCQ"
2023,"All the 2023 Super Bowl commercials","Dungeons & Dragons: Honor Among Thieves | NEW Trailer (2023 Movie)","https://www.youtube.com/watch?v=HGvv-Hhft3U"
2023,"All the 2023 Super Bowl commercials","Dunkin' 'Drive-Thru' Starring Ben","https://www.youtube.com/watch?v=BBIX9FG6kZ0"
2023,"All the 2023 Super Bowl commercials","The Flash ‚Äì Official Trailer","https://www.youtube.com/watch?v=9vwaD9cHLNw"
2023,"All the 2023 Super Bowl commercials","The Farmer's Dog: Forever 2023 Super Bowl Commercial","https://www.youtube.com/watch?v=IAIo-pUDl0s"
2023,"All the 2023 Super Bowl commercials","AIR: Courting A Legend | Big Game Spot","https://www.youtube.com/watch?v=UEx75kcWgxc"
2023,"All the 2023 Super Bowl commercials","Saving Sawyer | Amazon's Big Game Ad","https://www.youtube.com/watch?v=-bueUljGJ2M"
2023,"All the 2023 Super Bowl commercials","Miller Lite, Coors Light & Blue Moon Big Game Commercial 2023 | The High Stakes Beer Ad","https://www.youtube.com/watch?v=VWe63Z6CYfs"
2023,"All the 2023 Super Bowl commercials","Tubi Rabbit Hole | Super Bowl","https://www.youtube.com/watch?v=GtyxWvifru8"
2023,"All the 2023 Super Bowl commercials","Tubi Interface Interruption | Super Bowl","https://www.youtube.com/watch?v=73p4lL1iq7w"
2023,"All the 2023 Super Bowl commercials","FAST X | Official Trailer","https://www.youtube.com/watch?v=32RAq6JzY-w"
2022,"2022 Ads of Super Bowl LVI (56)","Superbowl-ads.com Top 5 Ads of 2022 Super Bowl 56 (LVI)","https://www.youtube.com/watch?v=rvihhca3BKs"
2022,"2022 Ads of Super Bowl LVI (56)","Amazon‚Äôs Big Game Commercial: Mind Reader","https://www.youtube.com/watch?v=d0UEAr8I9G8"
2022,"2022 Ads of Super Bowl LVI (56)","Zeus & Hera  (Official Video)","https://www.youtube.com/watch?v=nUC1QA5gRcU"
2022,"2022 Ads of Super Bowl LVI (56)","The Moment of Truth | Crypto.com","https://www.youtube.com/watch?v=Sk_52aI_W1M"
2022,"2022 Ads of Super Bowl LVI (56)","Big Game TV Spot | Marvel Studios‚Äô Moon Knight | Disney+","https://www.youtube.com/watch?v=KM3Yx-5Ymiw"
2022,"2022 Ads of Super Bowl LVI (56)","Disney+ Has All the GOATs | Disney+","https://www.youtube.com/watch?v=AV8NXzi5Lj0"
2022,"2022 Ads of Super Bowl LVI (56)","Push It | Flamin‚Äô Hot | Super Bowl LVI TV Spot","https://www.youtube.com/watch?v=YCLPiIAKqZY"
2022,"2022 Ads of Super Bowl LVI (56)","Road to Super Bowl LVI | PepsiCo","https://www.youtube.com/watch?v=R2C6ZJEb0kg"
2022,"2022 Ads of Super Bowl LVI (56)","Oversharing Mom -Official Big Game Commercial 2022 | Carvana","https://www.youtube.com/watch?v=YpKYj8edUOg"
2022,"2022 Ads of Super Bowl LVI (56)","Polestar - No Compromises: The Superbowl commercial | Polestar","https://www.youtube.com/watch?v=B4QI0VzbkHk"
2022,"2022 Ads of Super Bowl LVI (56)","Stuff | Made to Travel | 30 | Expedia","https://www.youtube.com/watch?v=CMaispXEh94"
2022,"2022 Ads of Super Bowl LVI (56)","Netflix Super Bowl Commercial | 2022 Movie Preview and The Adam Project","https://www.youtube.com/watch?v=Ha8ofuzpriE"
2022,"2022 Ads of Super Bowl LVI (56)","Ad Meter 2022: Coinbase","https://www.youtube.com/watch?v=eIUD_NE1BDo"
2022,"2022 Ads of Super Bowl LVI (56)","Pringles | Stuck In :90","https://www.youtube.com/watch?v=rjZ_O-c3QRw"
2022,"2022 Ads of Super Bowl LVI (56)","The Grande Escape (Commercial) | Taco Bell","https://www.youtube.com/watch?v=YPV7X8_zKfc"
2022,"2022 Ads of Super Bowl LVI (56)","DraftKings Super Bowl LVI Commercial - Fortune: Life's a Gamble","https://www.youtube.com/watch?v=yrQnUFOTkHs"
2022,"2022 Ads of Super Bowl LVI (56)","Lindsay Lohan - Planet Fitness (Super Bowl Commercial)","https://www.youtube.com/watch?v=4TEKZo6b11M"
2022,"2022 Ads of Super Bowl LVI (56)","The Lost City | Big Game Spot (2022 Movie) ‚Äì Paramount Pictures","https://www.youtube.com/watch?v=g9AXjtQLgVI"
2022,"2022 Ads of Super Bowl LVI (56)","Ambulance - Only In Theaters April 8","https://www.youtube.com/watch?v=ev82iHoLk8s"
2022,"2022 Ads of Super Bowl LVI (56)","WeatherTech Big Game Commercial 2022 - Special Ops: Fit Crew","https://www.youtube.com/watch?v=fwnbHVYgprA"
2022,"2022 Ads of Super Bowl LVI (56)","NOPE | SBLVI SPOT","https://www.youtube.com/watch?v=-x__vh1H0dQ"
2022,"2022 Ads of Super Bowl LVI (56)","THE LORD OF THE RINGS: The Rings of Power Trailer (2022) Super Bowl","https://www.youtube.com/watch?v=zDHBioJ-jQ8"
2022,"2022 Ads of Super Bowl LVI (56)","Idris for Booking.com - the #1 accommodation site on Planet Earth.","https://www.youtube.com/watch?v=YchR7cbFuAU"
2022,"2022 Ads of Super Bowl LVI (56)","SuperBowl-Ads.com 25th year celebration","https://www.youtube.com/watch?v=V9KIFz68VLM"
2021,"All the 2021 Super Bowl commercials","Amazon‚Äôs Big Game Commercial: Alexa‚Äôs Body","https://www.youtube.com/watch?v=xxNxqveseyI"
2021,"All the 2021 Super Bowl commercials","Wayne's World & Cardi B's Shameless Manipulation | Eat Local | Uber Eats","https://www.youtube.com/watch?v=D-Q3HNp6dew"
2021,"All the 2021 Super Bowl commercials","Chipotle | Can a Burrito Change the World?","https://www.youtube.com/watch?v=BkXHqihY4RE"
2021,"All the 2021 Super Bowl commercials","Paramount+ Expedition | Sweet Victory | Super Bowl LV Spot","https://www.youtube.com/watch?v=LVuTCDB1iMc"
2021,"All the 2021 Super Bowl commercials","Tom Brady & Rob Gronkowski | Big Game Ad | #TheGOATin5G | T-Mobile","https://www.youtube.com/watch?v=5L6juLUkwuw"
2021,"All the 2021 Super Bowl commercials","Opportunity Knocks | Fiverr Big Game Commercial Extended Cut (2021) | Fiverr","https://www.youtube.com/watch?v=XelsNvpibpQ"
2021,"All the 2021 Super Bowl commercials","‚ÄòTwas the Night Before Super Bowl | Frito-Lay 2:00","https://www.youtube.com/watch?v=YsA8dNubLZ0"
2021,"All the 2021 Super Bowl commercials","Bass Pro Shops and Cabela‚Äôs Super Bowl Commercial 2021: Get Back to Nature","https://www.youtube.com/watch?v=yfLz54hzpPs"
2021,"All the 2021 Super Bowl commercials","Dr. Squatch Super Bowl LV Commercial 2021 - You're Not A Dish","https://www.youtube.com/watch?v=vDHNMqOLw_o"
2021,"All the 2021 Super Bowl commercials","Inspire Change | Super Bowl LV Commercial","https://www.youtube.com/watch?v=bu_kAMpCKME"
2021,"All the 2021 Super Bowl commercials","Dexcom Official Big Game Commercial 2021 with Nick Jonas","https://www.youtube.com/watch?v=zN8naTqX3TI"
2021,"All the 2021 Super Bowl commercials","Counting MTN DEW MAJOR MELON‚Ñ¢ with John Cena: A ONE MILLION DOLLAR Tutorial","https://www.youtube.com/watch?v=cF0nw2a_F_I"
2021,"All the 2021 Super Bowl commercials","Super Bowl Ad: Join The First All-Civilian Space Mission | Inspiration4","https://www.youtube.com/watch?v=_nwSmOEiDls"
2021,"All the 2021 Super Bowl commercials","Pringles | 2021 Flavor Stacking Space Return Ad :60","https://www.youtube.com/watch?v=APIMNM5X4jA"
2021,"All the 2021 Super Bowl commercials","Wow, that actually worked.","https://www.youtube.com/watch?v=_wkvH0qBMP8"
2021,"All the 2021 Super Bowl commercials","WeatherTech Family Super Bowl Commercial 2021","https://www.youtube.com/watch?v=rF6Jjm5547k"
2021,"All the 2021 Super Bowl commercials","Get Your Stream on With The Disney Bundle | Disney+ | Hulu | ESPN+","https://www.youtube.com/watch?v=oRQckLs_0ro"
2021,"All the 2021 Super Bowl commercials","Cut Out With Cutwater","https://www.youtube.com/watch?v=sh0VL55suzM"
2021,"All the 2021 Super Bowl commercials","WeatherTech We Never Left Super Bowl Commercial 2021","https://www.youtube.com/watch?v=R2Wkk-TDnRQ"
2021,"All the 2021 Super Bowl commercials","Come Clean to Close the Chore Gap | Swiffer & Dawn","https://www.youtube.com/watch?v=9Xy9T1Izh0w"
2021,"All the 2021 Super Bowl commercials","Meet the King | Jimmy John‚Äôs","https://www.youtube.com/watch?v=bbU2ChdI4Ro"
2021,"All the 2021 Super Bowl commercials","5 to 9 by Dolly Parton (Longform) | Big Game Commercial 2021 | Squarespace","https://www.youtube.com/watch?v=y8jF96hoF9M"
2021,"All the 2021 Super Bowl commercials","Super Bowl LV | Can‚Äôt Blame the Lag | Verizon 5G Ultra Wideband","https://www.youtube.com/watch?v=VNXFuqYMCNc"
2020,"2020 Super Bowl Ads","Cheetos¬Æ | Can't Touch This | SUPER BOWL LIV OFFICIAL EXTENDED VIDEO","https://www.youtube.com/watch?v=qgQllY4GtkE"
2020,"2020 Super Bowl Ads","Winona in Winona (Big Game 2020 Extended Commercial) | Squarespace","https://www.youtube.com/watch?v=rLAHVOvEZSA"
2020,"2020 Super Bowl Ads","Ed's Heinz Ad","https://www.youtube.com/watch?v=keOaQm6RpBg"
2020,"2020 Super Bowl Ads","MTN DEW Zero Sugar, As Good As The Original","https://www.youtube.com/watch?v=tHoYKy1GMgM"
2020,"2020 Super Bowl Ads","Fabletics 2020 | ""New Year, New You"" - Super Bowl Official Commercial","https://www.youtube.com/watch?v=nOJdm79a8II"
2020,"2020 Super Bowl Ads","Coca-Cola Energy - Show Up ft. Jonah Hill & Martin Scorsese","https://www.youtube.com/watch?v=-gAZRN3SCBw"
2020,"2020 Super Bowl Ads","The SpongeBob Movie: Sponge On The Run - Big Game Spot - Paramount Pictures","https://www.youtube.com/watch?v=AYFM9HABfFo"
2020,"2020 Super Bowl Ads","Jeep¬Æ | ‚ÄúGroundhog Day‚Äù | Bill Murray | 02.02.2020","https://www.youtube.com/watch?v=AnhzGUcENWo"
2020,"2020 Super Bowl Ads","#StepOnEarth - Turkish Airlines","https://www.youtube.com/watch?v=_fPV05xpVZE"
2020,"2020 Super Bowl Ads","Hard Rock | Big Game Commercial 2020 | Starring JLo, Arod, DJ Khaled, Pitbull and Steven Van Zandt","https://www.youtube.com/watch?v=pHYiE4W4EO8"
2020,"2020 Super Bowl Ads","State Farm¬Æ Commercial   State of Unrest Jake SaveYouTube com 1","https://www.youtube.com/watch?v=foHqdleEuvc"
2020,"2020 Super Bowl Ads","Tribute | Planters | 2020 Big Game Commercial","https://www.youtube.com/watch?v=MoVpgtAJHfU"
2019,"2019 Ads of Superbowl LIII (53)","Superbowl-ads.com Top 5 Ads of 2019 Super Bowl 53 (LIII)","https://www.youtube.com/watch?v=Zggg4oqBjeU"
2019,"2019 Ads of Superbowl LIII (53)","Marvel Studios' Avengers: Endgame - Big Game TV Spot","https://www.youtube.com/watch?v=-iFq6IcAxBc"
2019,"2019 Ads of Superbowl LIII (53)","Hanna Season 1 Be the Girl No One Saw Coming | Prime Video","https://www.youtube.com/watch?v=bAUpSm3fpa4"
2019,"2019 Ads of Superbowl LIII (53)","Stella Artois | Change Up The Usual | 2019","https://www.youtube.com/watch?v=IX8TMYRk6_w"
2019,"2019 Ads of Superbowl LIII (53)","BON & VIV Spiked Seltzer ‚Äì ‚ÄòThe Pitch‚Äô","https://www.youtube.com/watch?v=I-de8TJWyao"
2019,"2019 Ads of Superbowl LIII (53)","Ram ‚ÄúBig Game Blitz‚Äù | Rams Running to Big Game | ‚ÄúRoll Rams Roll‚Äù","https://www.youtube.com/watch?v=qcvdJoyi3qI"
2019,"2019 Ads of Superbowl LIII (53)","Persil ProClean: The Deep Clean Level","https://www.youtube.com/watch?v=ViEIlBD6vdY"
2019,"2019 Ads of Superbowl LIII (53)","Stella Artois | Change Up The Usual | Full Version","https://www.youtube.com/watch?v=439muvajodg"
2019,"2019 Ads of Superbowl LIII (53)","Toy Story 4 | Big Game Ad","https://www.youtube.com/watch?v=3_Z8wKv6oPk"
2019,"2019 Ads of Superbowl LIII (53)","Planters | ""Mr. Peanut is Always There in Crunch Time"" | 2019 Big Game Commercial (Extended)","https://www.youtube.com/watch?v=hI5TCbi2wMA"
2019,"2019 Ads of Superbowl LIII (53)","Ram ""Big Game Blitz"" | Fourth Quarter | ""4th Quarter Fight""","https://www.youtube.com/watch?v=Cpf0J5Reqpc"
2019,"2019 Ads of Superbowl LIII (53)","'Democracy Dies in Darkness': Super Bowl commercial (2019)","https://www.youtube.com/watch?v=ZDjfg8YlKHc"
2019,"2019 Ads of Superbowl LIII (53)","2 Chainz x Adam Scott | Expensify This Super Bowl Commercial 2019  |  Cannes Lions Winner 2019","https://www.youtube.com/watch?v=vTcLwYL4flY"
2019,"2019 Ads of Superbowl LIII (53)","SCARY STORIES TO TELL IN THE DARK - Big Toe 15 - HD","https://www.youtube.com/watch?v=u7mLqH7jNGg"
2019,"2019 Ads of Superbowl LIII (53)","SCARY STORIES TO TELL IN THE DARK - Jangly Man 15 - Super Bowl Spot - HD","https://www.youtube.com/watch?v=-HaFTvgYhXA"
2019,"2019 Ads of Superbowl LIII (53)","Chunky Style Milk? That's Not Right | Mint Mobile 2019 Super Bowl Ad","https://www.youtube.com/watch?v=LhkcQbhiOiM"
2019,"2019 Ads of Superbowl LIII (53)","Planters | ""Mr. Peanut is Always There in Crunch Time"" | 2019 Big Game Commercial :30","https://www.youtube.com/watch?v=0BTYEXLlFdQ"
2019,"2019 Ads of Superbowl LIII (53)","Alita: Battle Angel | #SBLIII Commercial | 20th Century FOX","https://www.youtube.com/watch?v=IA2NI63uHrk"
2019,"2019 Ads of Superbowl LIII (53)","2 Chainz x Adam Scott | Expensify This FULL Super Bowl Commercial 2019  | Cannes Lions Winner 2019","https://www.youtube.com/watch?v=eLv8TjDUVOw"
2019,"2019 Ads of Superbowl LIII (53)","Our Planet | Official Teaser [HD] | Netflix","https://www.youtube.com/watch?v=ZVjo86OEeFc"
2019,"2019 Ads of Superbowl LIII (53)","Fast & Furious Presents: Hobbs & Shaw ‚Äì In Theaters August 2 (The Big Game Spot) [HD]","https://www.youtube.com/watch?v=dvAyMzXQ6n0"
2019,"2019 Ads of Superbowl LIII (53)","Scout: WeatherTech Super Bowl¬Æ Commercial","https://www.youtube.com/watch?v=EpKX_xQRTd4"
2019,"2019 Ads of Superbowl LIII (53)","WeatherTech CupFone: Super Bowl¬Æ Commercial","https://www.youtube.com/watch?v=85VvcchJ2Fw"
2019,"2019 Ads of Superbowl LIII (53)","Super Bowl Commercials 2019 Michael Buble: Can I have a bubl√©?","https://www.youtube.com/watch?v=Ebt8w-TNpkU"
2019,"2019 Ads of Superbowl LIII (53)","Wix.com Official 2019 Big Game Ad with Karlie Kloss","https://www.youtube.com/watch?v=baqefxUw234"
2019,"2019 Ads of Superbowl LIII (53)","Ad Meter 2019: NFL","https://www.youtube.com/watch?v=sl8ooTIMk2w"
2019,"2019 Ads of Superbowl LIII (53)","Wonder Park (2019) - In Theatres March 15","https://www.youtube.com/watch?v=uh6t8cxLIq4"
2019,"2019 Ads of Superbowl LIII (53)","Ad Meter 2019: Marvel Studios' Captain Marvel","https://www.youtube.com/watch?v=7GALAy0NqlA"
2019,"2019 Ads of Superbowl LIII (53)","BenjiLock | The Key is at Your Fingertips (Extended Version)","https://www.youtube.com/watch?v=lUPL3GPa8Jo"
2018,"2018 Ads of Super Bowl LII (52)","Superbowl-ads.com Top 5 Ads of 2018 Super Bowl 52 (LII)","https://www.youtube.com/watch?v=bRRR1FLF-Uc"
2018,"2018 Ads of Super Bowl LII (52)","Official Jeep Super Bowl Commercial | Anti-Manifesto","https://www.youtube.com/watch?v=OmMa4kLj-ZQ"
2018,"2018 Ads of Super Bowl LII (52)","THE CLOVERFIELD PARADOX | WATCH NOW | NETFLIX","https://www.youtube.com/watch?v=fJOQZmGsywE"
2018,"2018 Ads of Super Bowl LII (52)","Taps Super Bowl Commercial | Water.org & Stella Artois","https://www.youtube.com/watch?v=Pc-NUcH8VOQ"
2018,"2018 Ads of Super Bowl LII (52)","Solo: A Star Wars Story ""Big Game"" TV Spot (:45)","https://www.youtube.com/watch?v=9Szts88zY4o"
2018,"2018 Ads of Super Bowl LII (52)","Natural Light Super Bowl Commercial","https://www.youtube.com/watch?v=wLPQWvnGgV4"
2018,"2018 Ads of Super Bowl LII (52)","Official Jeep Super Bowl Commercial | Jeep Jurassic","https://www.youtube.com/watch?v=oMOljrWUUXc"
2018,"2018 Ads of Super Bowl LII (52)","Peyton Manning: Vacation Quarterback | In Game","https://www.youtube.com/watch?v=xcmP4llwNS8"
2018,"2018 Ads of Super Bowl LII (52)","Annihilation (2018) - Evolution - Paramount Pictures","https://www.youtube.com/watch?v=lHG6I6Ec4yA"
2018,"2018 Ads of Super Bowl LII (52)","Wix.com Official 2018 Big Game Ad with Rhett & Link","https://www.youtube.com/watch?v=XxvQIaCJ9Xw"
2018,"2018 Ads of Super Bowl LII (52)","WeatherTech Super Bowl¬Æ Commercial: American Factory","https://www.youtube.com/watch?v=jr7W7smqXg4"
2018,"2018 Ads of Super Bowl LII (52)","Thumb War | NFL Super Bowl LII Teaser","https://www.youtube.com/watch?v=d8hPpgsILO8"
2018,"2018 Ads of Super Bowl LII (52)","Super Bowl 2018 Commercial | Make It With Keanu Reeves","https://www.youtube.com/watch?v=W3FH1scDhfA"
2018,"2018 Ads of Super Bowl LII (52)","Tourism Australia Dundee Super Bowl Ad 2018 w/ Chris Hemsworth and Danny McBride","https://www.youtube.com/watch?v=XltvwqBZIPc"
2018,"2018 Ads of Super Bowl LII (52)","Official Jeep Super Bowl Commercial | The Road","https://www.youtube.com/watch?v=0p7NGCmnIAs"
2018,"2018 Ads of Super Bowl LII (52)","Hope Detector | NFL Super Bowl LII | Hyundai","https://www.youtube.com/watch?v=wJJqGh2HLM8"
2018,"2018 Ads of Super Bowl LII (52)","Surprise [ yellow tail ] wine","https://www.youtube.com/watch?v=jVPR_0elCys"
2018,"2018 Ads of Super Bowl LII (52)","Mission: Impossible - Fallout (2018) - Big Game Spot - Paramount Pictures","https://www.youtube.com/watch?v=EBEBeqIBzcA"
2018,"2018 Ads of Super Bowl LII (52)","Patty Cake | NFL Super Bowl LII Teaser","https://www.youtube.com/watch?v=xq3bLed1Zyk"
2018,"2018 Ads of Super Bowl LII (52)","Skyscraper - Big Game Spot [HD]","https://www.youtube.com/watch?v=THWBs0_khNs"
2018,"2018 Ads of Super Bowl LII (52)","Pepsi Generations - This is the Pepsi - Super Bowl LII Commercial","https://www.youtube.com/watch?v=fa7xqkELhNE"
2018,"2018 Ads of Super Bowl LII (52)","Lexus LS 500 Super Bowl Commercial 2018 Marvel Studios Black Panther","https://www.youtube.com/watch?v=1isIeJy6lTE"
2017,"2017 Ads of Super Bowl LI (51)","Superbowl-ads.com Top 5 Ads of 2017 Super Bowl 51 (LI)","https://www.youtube.com/watch?v=xmBT-skLvx0"
2017,"2017 Ads of Super Bowl LI (51)","Budweiser 2017 Super Bowl Commercial | ‚ÄúBorn The Hard Way‚Äù","https://www.youtube.com/watch?v=HtBZvl7dIu4"
2017,"2017 Ads of Super Bowl LI (51)","Logan | ""Grace"" #SB51 Commercial | 20th Century FOX","https://www.youtube.com/watch?v=fDnXUq2uV6c"
2017,"2017 Ads of Super Bowl LI (51)","Stranger Things 2 | Super Bowl 2017 Ad | Netflix","https://www.youtube.com/watch?v=9Egf5U8xLo8"
2017,"2017 Ads of Super Bowl LI (51)","Skittles | ""Romance"" | Super Bowl LI Commercial","https://www.youtube.com/watch?v=f8X8Ygy5VjI"
2017,"2017 Ads of Super Bowl LI (51)","Tiffany & Co. ‚Äî Introducing Lady Gaga for Tiffany HardWear","https://www.youtube.com/watch?v=tGuNdkyvfSc"
2017,"2017 Ads of Super Bowl LI (51)","Wix Big Game Campaign | Build Your Own Website","https://www.youtube.com/watch?v=gmGVnahdnrw"
2017,"2017 Ads of Super Bowl LI (51)","Wix.com Big Game First Spot with Jason Statham & Gal Gadot","https://www.youtube.com/watch?v=bcrrxRk-YeQ"
2017,"2017 Ads of Super Bowl LI (51)","Ghost in the Shell (2017) - Big Game Spot - Paramount Pictures","https://www.youtube.com/watch?v=IYrdoQAjcww"
2017,"2017 Ads of Super Bowl LI (51)","We Accept | Airbnb","https://www.youtube.com/watch?v=yetFk7QoSck"
2017,"2017 Ads of Super Bowl LI (51)","Guardians of the Galaxy Vol. 2 Extended Big Game Spot","https://www.youtube.com/watch?v=CaLNiC-bKHQ"
2017,"2017 Ads of Super Bowl LI (51)","Persil¬Æ ProClean¬Æ Big Game Commercial - Science of Clean: 10 Dimensions","https://www.youtube.com/watch?v=SZeKTIWgUfM"
2017,"2017 Ads of Super Bowl LI (51)","The Fate of the Furious - Big Game Spot - In Theaters April 14 (HD)","https://www.youtube.com/watch?v=-9FU7Ia-BKg"
2017,"2017 Ads of Super Bowl LI (51)","Wix.com Big Game | Chez Felix Part 2","https://www.youtube.com/watch?v=nVMurIGW_Ns"
2017,"2017 Ads of Super Bowl LI (51)","World of Tanks 2017 Super Bowl Commercial | ‚ÄúReal Awful Moms‚Äù","https://www.youtube.com/watch?v=SsoAINThBx8"
2017,"2017 Ads of Super Bowl LI (51)","BIG GAME Commercial [yellow tail wine]","https://www.youtube.com/watch?v=nMA8CyRimZo"
2017,"2017 Ads of Super Bowl LI (51)","Baywatch (2017) - Big Game Spot - Paramount Pictures","https://www.youtube.com/watch?v=mHxTamHu5yI"
2017,"2017 Ads of Super Bowl LI (51)","‚ÄúBUSCHHHHH‚Äù Super Bowl Commercial","https://www.youtube.com/watch?v=t7XMvq3NLTU"
2017,"2017 Ads of Super Bowl LI (51)","Transformers: The Last Knight  (2017) - Big Game Spot - Paramount Pictures","https://www.youtube.com/watch?v=CRLMLvGUWVE"
2017,"2017 Ads of Super Bowl LI (51)","WeatherTech Tech Team Super Bowl¬Æ Commercial","https://www.youtube.com/watch?v=WIZQP7KPByg"
2017,"2017 Ads of Super Bowl LI (51)","TurboTax 2017 Big Game Commercial ""Humpty Hospital"" (Official :45)","https://www.youtube.com/watch?v=6tTMvdcYK1E"
2017,"2017 Ads of Super Bowl LI (51)","King's Hawaiian TV Commercial: False Cabinet","https://www.youtube.com/watch?v=ALtEqTBPO4M"
2017,"2017 Ads of Super Bowl LI (51)","Inside These Lines","https://www.youtube.com/watch?v=pvKBdrx4quA"
2017,"2017 Ads of Super Bowl LI (51)","Train | Expedia","https://www.youtube.com/watch?v=N-DtNm3zK_o"
2017,"2017 Ads of Super Bowl LI (51)","Hello, Detroit - Detroiters - Comedy Central","https://www.youtube.com/watch?v=u2a3hOzK5wM"
2017,"2017 Ads of Super Bowl LI (51)","Wix's Big Game Ad feat. Jason Statham and Gal Gadot","https://www.youtube.com/watch?v=cnCjcxY_HAM"
2017,"2017 Ads of Super Bowl LI (51)","T-Mobile ""Unlimited Moves"" Commercial With Justin Bieber, Rob Gronkowski, And Terrell Owens!","https://www.youtube.com/watch?v=mz8wTbfg71A"
2017,"2017 Ads of Super Bowl LI (51)","Super Bowl Ad: Febreze Halftime Break","https://www.youtube.com/watch?v=Qc2HbCzvKQc"
2017,"2017 Ads of Super Bowl LI (51)","Kia Niro / Hero‚Äôs Journey (United States)","https://www.youtube.com/watch?v=KeVHmLY7YZc"
2017,"2017 Ads of Super Bowl LI (51)","Wendy‚Äôs 2017 Fresh Beef Commercial ‚ÄúCold Storage‚Äù","https://www.youtube.com/watch?v=rVUFUlUNFXo"
2017,"2017 Ads of Super Bowl LI (51)","Super Bowl LI - Avocados From Mexico: The Secret Society (2017)","https://www.youtube.com/watch?v=uLpq6hD1Mh8"
2017,"2017 Ads of Super Bowl LI (51)","[NFL Super Bowl LI] Super Bowl 2017 Commercial with Cam Newton & Miranda Kerr Buick","https://www.youtube.com/watch?v=atR3lwt4RMs"
2017,"2017 Ads of Super Bowl LI (51)","[NFL Super Bowl LI] LifeWater Super Bowl Commercial 2017 Inspiration Drops","https://www.youtube.com/watch?v=UnTBxp8Zrx4"
2017,"2017 Ads of Super Bowl LI (51)","AFLAC SUPER BOWL 2017 COMMERICAL Surgery","https://www.youtube.com/watch?v=DHfGISQXM70"
2017,"2017 Ads of Super Bowl LI (51)","A Cure For Wellness | ""Take The Cure"" #SB51 Commercial | 20th Century FOX","https://www.youtube.com/watch?v=C29czmGuoNI"
2017,"2017 Ads of Super Bowl LI (51)","The Elder Scrolls Online: Morrowind - Official TV Spot","https://www.youtube.com/watch?v=aZVFlq57UuI"
2017,"2017 Ads of Super Bowl LI (51)","T-Mobile Super Bowl Commercial 2017 Kristen Schaal Punished","https://www.youtube.com/watch?v=fVA-qLARWa8"
2017,"2017 Ads of Super Bowl LI (51)","T Mobile | #NSFWireless with Kristen Schaal | 60s Super Bowl Commercial","https://www.youtube.com/watch?v=9khURC59k6I"
2017,"2017 Ads of Super Bowl LI (51)","Super Bowl LI - McDonald's Big Mac: There‚Äôs A Big Mac For That (2017)","https://www.youtube.com/watch?v=-ofshm1bEnA"
2017,"2017 Ads of Super Bowl LI (51)","Official Mobile Strike Super Bowl 51 TV Commercial | Arnold's One Liners","https://www.youtube.com/watch?v=gDbtzVR243I"
2017,"2017 Ads of Super Bowl LI (51)","Lexus Super Bowl Commercial 2017 - Lil Buck Man and Machine","https://www.youtube.com/watch?v=-heclOIjs3U"
2017,"2017 Ads of Super Bowl LI (51)","Alfa Romeo Giulia Official 2017 Super Bowl Commercial   'Dear Predictable'   Extended Cut","https://www.youtube.com/watch?v=NIkg1EvyhO0"
2017,"2017 Ads of Super Bowl LI (51)","Super Bowl LI - Snickers: The Ruined Commercial (2017)","https://www.youtube.com/watch?v=nWzUTj8ioXQ"
2017,"2017 Ads of Super Bowl LI (51)","Mercedes - Easy Driver (Super Bowl 2017 Commercial)","https://www.youtube.com/watch?v=foMjqGI0jM8"
2017,"2017 Ads of Super Bowl LI (51)","Lady Gaga - Pepsi Zero Sugar Super Bowl LI Halftime Show","https://www.youtube.com/watch?v=mjrdywp5nyE"
2017,"2017 Ads of Super Bowl LI (51)","PIRATES OF THE CARIBBEAN DEAD MEN TELL NO TALES Super Bowl TV Spot (2017)","https://www.youtube.com/watch?v=OHNwtHvEoBg"
2016,"2016 Ads of Super Bowl L (50)","Superbowl-ads.com Top 5 Ads of 2016 Super Bowl 50 (L)","https://www.youtube.com/watch?v=5vVp5oMjvX8"
2016,"2016 Ads of Super Bowl L (50)","#Pokemon20: Pok√©mon Super Bowl Commercial","https://www.youtube.com/watch?v=2F46tGehnfo"
2016,"2016 Ads of Super Bowl L (50)","Colgate #EveryDropCounts","https://www.youtube.com/watch?v=z5Ar0eCp6uE"
2016,"2016 Ads of Super Bowl L (50)","JASON BOURNE - First Look (HD)","https://www.youtube.com/watch?v=_gBnmKOixDM"
2016,"2016 Ads of Super Bowl L (50)","‚ÄúSuper Bowl Babies Choir‚Äù feat. Seal | Music Video","https://www.youtube.com/watch?v=9KqekigARfE"
2016,"2016 Ads of Super Bowl L (50)","Independence Day: Resurgence | Super Bowl TV Commercial | 20th Century FOX","https://www.youtube.com/watch?v=g5K0lKrebqg"
2016,"2016 Ads of Super Bowl L (50)","The Secret Life Of Pets | The Big Game Spot (HD) | Illumination","https://www.youtube.com/watch?v=hz8VOiTgcW4"
2016,"2016 Ads of Super Bowl L (50)","WeatherTech: ""Resources"" Big Game Commercial 2016","https://www.youtube.com/watch?v=K9k_---XMOo"
2016,"2016 Ads of Super Bowl L (50)","Taco Bell Super Bowl Commercial 2016 George Takei Bigger Than","https://www.youtube.com/watch?v=L4SYlmpquJQ"
2016,"2016 Ads of Super Bowl L (50)","TurboTax 2016 Big Game Commercial ‚ÄúNever a Sellout‚Äú Official ◊É30","https://www.youtube.com/watch?v=cHufZj0Aw6k"
2016,"2016 Ads of Super Bowl L (50)","LG The Best Super Bowl 2016 Commercial  Ad","https://www.youtube.com/watch?v=WG2YpbSnA4Q"
2016,"2016 Ads of Super Bowl L (50)","X-Men: Apocalypse | Super Bowl TV Commercial | 20th Century FOX","https://www.youtube.com/watch?v=mnu06cIUpMs"
2016,"2016 Ads of Super Bowl L (50)","Butterfinger‚Äôs Bolder Than Bold Jump The Best Super Bowl 2016 Commercial  Ad","https://www.youtube.com/watch?v=RUNDw35kc78"
2016,"2016 Ads of Super Bowl L (50)","T Mobile ¬¶ ‚ÄúRestricted Bling‚Äú Super Bowl Ad ‚Äì Extended Version ¬¶ ◊É60s TV Commercial","https://www.youtube.com/watch?v=Cx3eNQz5wWI"
2016,"2016 Ads of Super Bowl L (50)","New Schick Hydro  The Best Super Bowl 2016 Commercial  Ad","https://www.youtube.com/watch?v=b5Ll9jtSAAc"
2016,"2016 Ads of Super Bowl L (50)","Budweiser The Best Super Bowl 2016 Commercial  Ad","https://www.youtube.com/watch?v=Le_2S2db0Bk"
2016,"2016 Ads of Super Bowl L (50)","The Victoria‚Äôs Secret Angels Super Bowl 2016 Score More Extended Cut","https://www.youtube.com/watch?v=u7eq9mE72W8"
2016,"2016 Ads of Super Bowl L (50)","Amazon SuperBowl Ad 2016 - Alec Baldwin, Dan Marino, Jason Schwartzman, & Missy Elliot","https://www.youtube.com/watch?v=7iKD0BQp2uc"
2016,"2016 Ads of Super Bowl L (50)","Toyota Super Bowl Commercial 2016 The Longest Chase Toyota Pirus","https://www.youtube.com/watch?v=vDChV1Nx3P4"
2016,"2016 Ads of Super Bowl L (50)","Ryanville ‚Äì Hyundai Super Bowl Commercial  45s   The 2017 Hyundai Elantra","https://www.youtube.com/watch?v=u-2G_gkLDLw"
2016,"2016 Ads of Super Bowl L (50)","Shock Top Super Bowl Commercial 2016   Unfiltered Talk with T J Miller   Extended Cut","https://www.youtube.com/watch?v=JsMY66VLfkg"
2016,"2016 Ads of Super Bowl L (50)","SNICKERS¬Æ ‚Äì ‚ÄúMarilyn‚Äù Super Bowl Commercial 2016 - William Dafoe","https://www.youtube.com/watch?v=q0ME2mdv0nQ"
2016,"2016 Ads of Super Bowl L (50)","Super Bowl Commercials 2016    30 Hold Your Breath   SunTrust onUp Movement","https://www.youtube.com/watch?v=xp6kv0cV0hw"
2016,"2016 Ads of Super Bowl L (50)","The All New 2016 Toyota Prius   Hunters   Toyota","https://www.youtube.com/watch?v=zYOOfAMpUMI"
2016,"2016 Ads of Super Bowl L (50)","The Bud Light Party  Super Bowl Commercial 2016","https://www.youtube.com/watch?v=XsNvYq-SqeQ"
2016,"2016 Ads of Super Bowl L (50)","First Date ‚Äì Hyundai Super Bowl Commercial   The 2016 Hyundai Genesis","https://www.youtube.com/watch?v=BcmthxKEohQ"
2016,"2016 Ads of Super Bowl L (50)","Acura NSX   What He Said Super Bowl 2016 Commercial","https://www.youtube.com/watch?v=r-VTNi58xO8"
2016,"2016 Ads of Super Bowl L (50)","Pok√©mon Super Bowl 2016 Commercial","https://www.youtube.com/watch?v=Wt0-i3CjsTA"
2016,"2016 Ads of Super Bowl L (50)","McDonald's Super Bowl 2016 Commercial All Day Breakfast Good Morning","https://www.youtube.com/watch?v=d4FmUjOBZvQ"
2016,"2016 Ads of Super Bowl L (50)","Buick Super Bowl Commercial 2016 Cascada  Odell Beckham Jr  Big Day Ads","https://www.youtube.com/watch?v=2omdLD13Mfo"