id,year,brand,title,current_outbound,source_url,youtube_search,cand1_score,cand1_title,cand1_url,cand2_score,cand2_title,cand2_url,cand3_score,cand3_title,cand3_url
"super-bowl-2016-ispot-iecg","2016","Colgate","Every Drop Counts","https://www.ispot.tv/ad/IEcG/colgate-every-drop-counts","https://www.ispot.tv/events/2016-super-bowl-commercials","https://www.youtube.com/results?search_query=Colgate%20Every%20Drop%20Counts%20super%20bowl%202016%20ad","0.951","Every Drop Counts: Colgate Ad on Sustainability","https://www.youtube.com/watch?v=_m7Gp2grkIo","0.88","Every Drop Counts - Colgate on World Water Day","https://www.youtube.com/watch?v=mSfqRwna_Dc","0.609","Every Drop Counts","https://www.youtube.com/watch?v=YNDpSTtYTX8"
"super-bowl-2016-ispot-aomm","2016","Parkwood Entertainment","Formation World Tour","https://www.ispot.tv/ad/AOmm/beyonce-super-bowl-2016-mation-world-tour","https://www.ispot.tv/events/2016-super-bowl-commercials","https://www.youtube.com/results?search_query=Parkwood%20Entertainment%20Formation%20World%20Tour%20super%20bowl%202016%20ad","0.68","The Formation World Tour","https://www.youtube.com/watch?v=Of5IEnv_yH4","0.609","BTS: The Formation World Tour (Teaser)","https://www.youtube.com/watch?v=bKQS7gFre4g","0.609","BTS: The Formation World Tour","https://www.youtube.com/watch?v=DOqEYZQqDHA"
"super-bowl-2016-ispot-aoiz","2016","NFL Shop","The Perfect Gift for Those Just Married","https://www.ispot.tv/ad/AOiz/nfl-shop-the-perfect-gift-for-those-just-married","https://www.ispot.tv/events/2016-super-bowl-commercials","https://www.youtube.com/results?search_query=NFL%20Shop%20The%20Perfect%20Gift%20for%20Those%20Just%20Married%20super%20bowl%202016%20ad","1.38","The Perfect Gift for those Just Married | NFL Shop","https://www.youtube.com/watch?v=hfPIES9vTxQ","1.075","NFL Shop ""The Perfect Holiday Gift for those Just Married""","https://www.youtube.com/watch?v=XLa2sIZBEfY","0.644","The Perfect Gift for the New Baby | NFL Shop","https://www.youtube.com/watch?v=KSGvar6Bmmc"
"super-bowl-2016-ispot-aoxg","2016","Doritos","Teaser: Without You","https://www.ispot.tv/ad/AOxg/doritos-super-bowl-2016-teaser-without-you-song-by-awolnation","https://www.ispot.tv/events/2016-super-bowl-commercials","https://www.youtube.com/results?search_query=Doritos%20Teaser%3A%20Without%20You%20super%20bowl%202016%20ad","0.48","Doritos‚Äôs superbowl ad","https://www.youtube.com/watch?v=8UYN9LpHe34","0.473","NEW Doritos Super Bowl Commercial 2016 (The Neighbor)","https://www.youtube.com/watch?v=tetcTIv85Y4","0.473","Doritos Dogs - Crash the Super Bowl 2016 WINNER OFFICIAL","https://www.youtube.com/watch?v=MNRAdrB9TSs"
"super-bowl-2016-ispot-aogp","2016","TurboTax","Teaser: Someone Else","https://www.ispot.tv/ad/AOGP/turbotax-super-bowl-2016-teaser-someone-else-featuring-james-lipton","https://www.ispot.tv/events/2016-super-bowl-commercials","https://www.youtube.com/results?search_query=TurboTax%20Teaser%3A%20Someone%20Else%20super%20bowl%202016%20ad","0.497","TurboTax 2016 Big Game Commercial ‚ÄúNever a Sellout‚Äú Official ◊É30","https://www.youtube.com/watch?v=cHufZj0Aw6k","0.473","Comercial TurboTax Super Bowl 2016","https://www.youtube.com/watch?v=E0SbGogIf4M","0.45","TurboTax Commercial (2016)","https://www.youtube.com/watch?v=ItSCV0JPx-Y"
"super-bowl-2017-ispot-acft","2017","SoFi","Together","https://www.ispot.tv/ad/AcfT/sofi-super-bowl-2017-together","https://www.ispot.tv/events/2017-super-bowl-commercials","https://www.youtube.com/results?search_query=SoFi%20Together%20super%20bowl%202017%20ad","0.551","Procter & Gamble Super Bowl 2020 TV Commercial When We Come Together Featuring Sofia Vergara","https://www.youtube.com/watch?v=nctsDTqMnTo","0.533","sofi commercial","https://www.youtube.com/watch?v=JWvMumMnGN4","0.53","SoFi◊É The Best Super Bowl 2016 Commercial  Ad","https://www.youtube.com/watch?v=9gWPxIyA67c"
"super-bowl-2017-ispot-a309","2017","FX Network","Legion Super Bowl 2017 TV Promo: Unrestrained","https://www.ispot.tv/ad/A309/legion-super-bowl-2017-tv-promo-unrestrained","https://www.ispot.tv/events/2017-super-bowl-commercials","https://www.youtube.com/results?search_query=FX%20Network%20Legion%20Super%20Bowl%202017%20TV%20Promo%3A%20Unrestrained%20super%20bowl%202017%20ad","0.533","Legion | Season 1: Unrestrained Promo | FX","https://www.youtube.com/watch?v=Kyp_eQMB-zI","0.533","Legion | Season 1: Unrestrained Promo | FX","https://www.youtube.com/watch?v=5LRrCDdROHA","0.367","Legion | Season 1: 20% Promo | FX","https://www.youtube.com/watch?v=iSV2pjeKHBc"
"super-bowl-2017-ispot-a30j","2017","FX Network","Legion Super Bowl 2017 TV Promo: Human Race","https://www.ispot.tv/ad/A30J/legion-super-bowl-2017-tv-promo-human-race","https://www.ispot.tv/events/2017-super-bowl-commercials","https://www.youtube.com/results?search_query=FX%20Network%20Legion%20Super%20Bowl%202017%20TV%20Promo%3A%20Human%20Race%20super%20bowl%202017%20ad","0.45","Legion | Comic-Con 2017: David‚Äôs Madness | FX","https://www.youtube.com/watch?v=LVFW8EufLNA","0.45","Legion | Season 1: World Premiere SDCC 2017 | FX","https://www.youtube.com/watch?v=iG8oLHSlV5Q","0.432","Legion | Comic-Con 2017: A New Dance Number? | FX","https://www.youtube.com/watch?v=LgrGaaS71W0"
"super-bowl-2017-ispot-a3ph","2017","FX Network","FX Network Super Bowl 2017 TV Promo","https://www.ispot.tv/ad/A3PH/fx-network-super-bowl-2017-tv-promo","https://www.ispot.tv/events/2017-super-bowl-commercials","https://www.youtube.com/results?search_query=FX%20Network%20FX%20Network%20Super%20Bowl%202017%20TV%20Promo%20super%20bowl%202017%20ad","0.583","2017 on FX","https://www.youtube.com/watch?v=6KE4HT6IXy8","0.536","FX Network - FX Has the Movies Promo Winter 2017","https://www.youtube.com/watch?v=8hjybaSVDvY","0.536","FX Network - FX Has the Movies Promo Summer 2017","https://www.youtube.com/watch?v=-AsXeK9yjzw"
"super-bowl-2017-ispot-a3cu","2017","FX Network","Feud Super Bowl 2017 TV Promo: On Purpose","https://www.ispot.tv/ad/A3cU/feud-super-bowl-2017-tv-promo-on-purpose","https://www.ispot.tv/events/2017-super-bowl-commercials","https://www.youtube.com/results?search_query=FX%20Network%20Feud%20Super%20Bowl%202017%20TV%20Promo%3A%20On%20Purpose%20super%20bowl%202017%20ad","0.297","TWD Super Bowl Commercial 2017","https://www.youtube.com/watch?v=awwD0z3wgng","0.273","Stranger Things 2 | Super Bowl 2017 Ad | Netflix","https://www.youtube.com/watch?v=9Egf5U8xLo8","0.273","Top 10 Super Bowl Ads of 2017","https://www.youtube.com/watch?v=xYAR1W10__A"
"super-bowl-2017-ispot-a3cq","2017","FX Network","Feud Super Bowl 2017 TV Promo","https://www.ispot.tv/ad/A3cQ/feud-super-bowl-2017-tv-promo","https://www.ispot.tv/events/2017-super-bowl-commercials","https://www.youtube.com/results?search_query=FX%20Network%20Feud%20Super%20Bowl%202017%20TV%20Promo%20super%20bowl%202017%20ad","0.417","FX commercials (2017)","https://www.youtube.com/watch?v=r9hqs4yFd4Q","0.297","Stranger Things 2 | Super Bowl 2017 Ad | Netflix","https://www.youtube.com/watch?v=9Egf5U8xLo8","0.273","Kia Super Bowl Commercial 2017 Melissa McCarthy","https://www.youtube.com/watch?v=HIpoTW1JDFQ"
"super-bowl-2017-ispot-a3ce","2017","FX Network","Legion Super Bowl 2017 TV Promo: Babies","https://www.ispot.tv/ad/A3ce/legion-super-bowl-2017-tv-promo-babies","https://www.ispot.tv/events/2017-super-bowl-commercials","https://www.youtube.com/results?search_query=FX%20Network%20Legion%20Super%20Bowl%202017%20TV%20Promo%3A%20Babies%20super%20bowl%202017%20ad","0.367","Legion (FX) ""Real"" Promo HD","https://www.youtube.com/watch?v=sMLNktIg_q4","0.343","Legion | Season 1: Powerful Promo | FX","https://www.youtube.com/watch?v=HO78zopXAy8","0.343","Legion | Season 1: Control Promo | FX","https://www.youtube.com/watch?v=ZSbPLyZc7h8"
"super-bowl-2017-ispot-a3cf","2017","FOX","APB Super Bowl 2017 TV Promo","https://www.ispot.tv/ad/A3cF/apb-super-bowl-2017-tv-promo","https://www.ispot.tv/events/2017-super-bowl-commercials","https://www.youtube.com/results?search_query=FOX%20APB%20Super%20Bowl%202017%20TV%20Promo%20super%20bowl%202017%20ad","0.616","FOX 61 Super Bowl 2017 Commercial - Football Toss!","https://www.youtube.com/watch?v=NJbIEM4Z3sw","0.53","Super Bowl LI FOX Promo","https://www.youtube.com/watch?v=pJ1Wpwa-MBY","0.343","FOX 61 - Stormtracker 30 second promo","https://www.youtube.com/watch?v=AbHeANRvcYQ"
"super-bowl-2017-ispot-a33e","2017","FX Network","Legion Super Bowl 2017 TV Promo","https://www.ispot.tv/ad/A33e/legion-super-bowl-2017-tv-promo","https://www.ispot.tv/events/2017-super-bowl-commercials","https://www.youtube.com/results?search_query=FX%20Network%20Legion%20Super%20Bowl%202017%20TV%20Promo%20super%20bowl%202017%20ad","0.472","Legion | Comic-Con 2017: A New Dance Number? | FX","https://www.youtube.com/watch?v=LgrGaaS71W0","0.4","Legion (FX) ""Real"" Promo HD","https://www.youtube.com/watch?v=sMLNktIg_q4","0.4","Legion | Official Trailer #1 | FX","https://www.youtube.com/watch?v=Pep_HiCqYJA"
"super-bowl-2017-ispot-a33f","2017","NFL","Patriots: Savage","https://www.ispot.tv/ad/A33F/nfl-super-bowl-2017-patriots-savage","https://www.ispot.tv/events/2017-super-bowl-commercials","https://www.youtube.com/results?search_query=NFL%20Patriots%3A%20Savage%20super%20bowl%202017%20ad","0.48","Patriots Unbelievable Comeback in Super Bowl LI to Beat the Falcons | NFL Turning Point","https://www.youtube.com/watch?v=FyLPJ5JWZYk","0.434","Katie Nolan Gives an Inside Look Into the Patriots Super Bowl 51 Ring Ceremony | NFL Films Presents","https://www.youtube.com/watch?v=pyBZy0rvB9w","0.366","Super Bowl 52 FULL Game: New England Patriots vs. Philadelphia Eagles","https://www.youtube.com/watch?v=0FF_DbJ3G68"
"super-bowl-2018-ispot-wazd","2018","NBC","This Is Us: All Your Questions Will Be Answered","https://www.ispot.tv/ad/waZd/this-is-us-super-bowl-2018-my-purpose","https://www.ispot.tv/events/2018-super-bowl-commercials","https://www.youtube.com/results?search_query=NBC%20This%20Is%20Us%3A%20All%20Your%20Questions%20Will%20Be%20Answered%20super%20bowl%202018%20ad","0.509","This Is Us' Super Bowl Episode Promises All Your Questions About Jack's Death Will Be Answered","https://www.youtube.com/watch?v=0D5ZTkzVPvw","0.441","NBC Super Bowl commercial 2018","https://www.youtube.com/watch?v=3e8mfBChdmc","0.434","What To Expect From This Sunday‚Äôs Super Bowl Ads | NBC Nightly News","https://www.youtube.com/watch?v=UkLf18Qwk5I"
"super-bowl-2018-ispot-waoe","2018","NBC","Jesus Christ Superstar Live in Concert: Rock Your Easter Sunday!","https://www.ispot.tv/ad/waoe/jesus-christ-superstar-live-in-concert-super-bowl-2018-tv-promo-soon","https://www.ispot.tv/events/2018-super-bowl-commercials","https://www.youtube.com/results?search_query=NBC%20Jesus%20Christ%20Superstar%20Live%20in%20Concert%3A%20Rock%20Your%20Easter%20Sunday!%20super%20bowl%202018%20ad","0.667","Jesus Christ Superstar Live on NBC Promo - For Easter Sunday April 1","https://www.youtube.com/watch?v=UI6pBVNlNSk","0.565","Jesus Christ Superstar Live in Concert'","https://www.youtube.com/watch?v=gTS5PNMBlvc","0.385","'Jesus Christ Superstar Live In Concert': Behind the scenes","https://www.youtube.com/watch?v=LvkBADVKQAs"
"super-bowl-2018-ispot-waor","2018","NBC","The Voice: Super Commercial","https://www.ispot.tv/ad/waor/the-voice-super-bowl-2018-super-commercial","https://www.ispot.tv/events/2018-super-bowl-commercials","https://www.youtube.com/results?search_query=NBC%20The%20Voice%3A%20Super%20Commercial%20super%20bowl%202018%20ad","0.6","The Voice on NBC.mov","https://www.youtube.com/watch?v=bCu440GFUpo","0.48","Madonna Super Bowl Commercial NBC 2012 M.D.N.A","https://www.youtube.com/watch?v=T94hOH6hraw","0.447","Madonna Superbowl Commercial NBC 2012 M.D.N.A.","https://www.youtube.com/watch?v=-qxiV56w9Qc"
"super-bowl-2018-ispot-waoy","2018","USA Network","20 Years. No Justice.","https://www.ispot.tv/ad/waoy/unsolved-super-bowl-2018-tv-promo-20-years-no-justice","https://www.ispot.tv/events/2018-super-bowl-commercials","https://www.youtube.com/results?search_query=USA%20Network%2020%20Years.%20No%20Justice.%20super%20bowl%202018%20ad","0.4","USA Network 'Characters Unite' Campaign Ad: ""No More""","https://www.youtube.com/watch?v=27tWt_rHDIY","0.2","LIVE: The ALL-American Halftime Show | Courtesy of TPUSA","https://www.youtube.com/watch?v=8IKktRzWepI","0.13","Watch the 2018 Super Bowl commercials","https://www.youtube.com/watch?v=JMQM_j-lcEs"
"super-bowl-2018-ispot-waol","2018","NBC","2018 PyeongChang Winter Olympics: Lindsey Vonn","https://www.ispot.tv/ad/waol/pyeongchang-winter-olympics-super-bowl-2018-tv-promo-lindsey-vonn","https://www.ispot.tv/events/2018-super-bowl-commercials","https://www.youtube.com/results?search_query=NBC%202018%20PyeongChang%20Winter%20Olympics%3A%20Lindsey%20Vonn%20super%20bowl%202018%20ad","0.45","The Comebacks to Watch at the Winter Olympics | Road to PyeongChang 2018","https://www.youtube.com/watch?v=2eVGfVfd4rc","0.45","Countdown to PyeongChang | Olympic Winter Games 2018","https://www.youtube.com/watch?v=nyENFBaBScs","0.45","Lindsey Vonn and Scarlett Johansson: Battle Scars | NBC Sports","https://www.youtube.com/watch?v=jYfVpiZdjFg"
"super-bowl-2018-ispot-wao6","2018","NBC","Good Girls: Done Playing Nice","https://www.ispot.tv/ad/wao6/good-girls-super-bowl-2018-tv-promo-done-playing-nice","https://www.ispot.tv/events/2018-super-bowl-commercials","https://www.youtube.com/results?search_query=NBC%20Good%20Girls%3A%20Done%20Playing%20Nice%20super%20bowl%202018%20ad","0.431","Good Girls (NBC) Trailer HD - Christina Hendricks, Mae Whitman series","https://www.youtube.com/watch?v=EXJdwEtqaSs","0.2","Good Girls - Sorry, Not Sorry (Episode Highlight)","https://www.youtube.com/watch?v=MGHAB9mFd0g","0.2","Beth and Rio: The History of Hotness - Good Girls","https://www.youtube.com/watch?v=Czn3YcokSHM"
"super-bowl-2018-ispot-waiq","2018","Hulu","Castle Rock","https://www.ispot.tv/ad/waIQ/hulu-super-bowl-2018-castle-rock","https://www.ispot.tv/events/2018-super-bowl-commercials","https://www.youtube.com/results?search_query=Hulu%20Castle%20Rock%20super%20bowl%202018%20ad","0.98","Hulu: Castle Rock Commercial","https://www.youtube.com/watch?v=2xjCR4s-RIs","0.889","Castle Rock Teaser 2 Official Super Bowl Trailer  | Hulu Original | The Ruby Tuesday","https://www.youtube.com/watch?v=qRCZqphy_ZY","0.843","Castle Rock - Official Super Bowl LII Ad [2018] (2K QUAD-HD) Hulu","https://www.youtube.com/watch?v=GFz45ryre20"
"super-bowl-2018-ispot-waix","2018","NBC","2018 PyeongChang Winter Olympics: Where?","https://www.ispot.tv/ad/waIx/2018-pyeongchang-winter-olympics-super-bowl-2018-tv-promo-where","https://www.ispot.tv/events/2018-super-bowl-commercials","https://www.youtube.com/results?search_query=NBC%202018%20PyeongChang%20Winter%20Olympics%3A%20Where%3F%20super%20bowl%202018%20ad","0.806","2018 PyeongChang Winter Olympics Closing Montage NBC","https://www.youtube.com/watch?v=qasgVIb7VSU","0.806","NBC previews PyeongChang 2018 Winter Olympics - Episode 2","https://www.youtube.com/watch?v=KSsNF-8ocUY","0.806","NBC previews PyeongChang 2018 Winter Olympics - Episode 1","https://www.youtube.com/watch?v=zka1ErjnE-o"
"super-bowl-2019-ispot-is55","2019","NFL","The 100-Year Game","https://www.ispot.tv/ad/IS55/nfl-super-bowl-2019-dinner-fight","https://www.ispot.tv/events/2019-super-bowl-commercials","https://www.youtube.com/results?search_query=NFL%20The%20100-Year%20Game%20super%20bowl%202019%20ad","0.95","NFL - 100 Year Game Commercial","https://www.youtube.com/watch?v=WSp6mP2kuF0","0.78","The Making of the NFL 100 Super Bowl Commercial","https://www.youtube.com/watch?v=jYbwq_6Y92w","0.68","NFL 100 Super Bowl Commercial","https://www.youtube.com/watch?v=E6JjyRhfjOE"
"super-bowl-2019-ispot-is5n","2019","CBS","Real News","https://www.ispot.tv/ad/IS5n/cbs-this-morning-super-bowl-2019-real-news","https://www.ispot.tv/events/2019-super-bowl-commercials","https://www.youtube.com/results?search_query=CBS%20Real%20News%20super%20bowl%202019%20ad","0.53","CBS rejects Super Bowl ad touting medical marijuana","https://www.youtube.com/watch?v=Am_PuTz65UM","0.53","CBS rejects medical pot Super Bowl ad","https://www.youtube.com/watch?v=a28bFpd2e6Q","0.48","Controversy over Super Bowl ad","https://www.youtube.com/watch?v=13KIHFwCp0k"
"super-bowl-2019-ispot-is5w","2019","CBS","Before There Was a Big Bang","https://www.ispot.tv/ad/IS5w/young-sheldon-super-bowl-2019-before-there-was-a-big-bang","https://www.ispot.tv/events/2019-super-bowl-commercials","https://www.youtube.com/results?search_query=CBS%20Before%20There%20Was%20a%20Big%20Bang%20super%20bowl%202019%20ad","0.441","CBS Super Bowl 53 Today 2019 NE vs LAR","https://www.youtube.com/watch?v=gwa9wVx8ZJ4","0.413","CBS Sports Network Super Bowl 2019 TV Promo, 'Dream Big, Kid'","https://www.youtube.com/watch?v=l2JXdVvuc6k","0.407","NFL on CBS/CBSSN verizon Post Game Show 2019 Super Bowl 53 NE vs LAR","https://www.youtube.com/watch?v=NBDWAdr6rsw"
"super-bowl-2019-ispot-is10","2019","Paramount+","Truth","https://www.ispot.tv/ad/IS10/cbs-all-access-the-twilight-zone-super-bowl-2019-truth-featuring-jordan-peele","https://www.ispot.tv/events/2019-super-bowl-commercials","https://www.youtube.com/results?search_query=Paramount%2B%20Truth%20super%20bowl%202019%20ad","0.53","SpongeBob On Paramount + Commercial (Super Bowl Commercial)","https://www.youtube.com/watch?v=5ArOzEontRA","0.447","Super Bowl LV (55) Commercial: Paramount+ - Cliffhanger (2021)","https://www.youtube.com/watch?v=klGb37lqoXE","0.447","Paramount Plus | Superbowl | TV Commercial","https://www.youtube.com/watch?v=N1n2bUw_d14"
"super-bowl-2019-ispot-is1p","2019","Paramount+","Star Trek Discovery: Season Two","https://www.ispot.tv/ad/IS1P/cbs-all-access-super-bowl-2019-star-trek-discovery-season-2","https://www.ispot.tv/events/2019-super-bowl-commercials","https://www.youtube.com/results?search_query=Paramount%2B%20Star%20Trek%20Discovery%3A%20Season%20Two%20super%20bowl%202019%20ad","0.825","Star Trek: Discovery | Season 5 Official Trailer | Paramount+","https://www.youtube.com/watch?v=6Fi7ZePgh8k","0.825","Star Trek: Discovery | Season 4 Official Trailer | Paramount+","https://www.youtube.com/watch?v=JIPT9WC6Vsk","0.655","STAR TREK SUPER BOWL LV SPOT - STAR TREK UNIVERSE IN PARAMOUNT+","https://www.youtube.com/watch?v=3Z4epgwCePc"
"super-bowl-2019-ispot-is1h","2019","CBS","Super Bowl Sunday","https://www.ispot.tv/ad/IS1h/man-with-a-plan-super-bowl-2019-tv-promo-super-bowl-sunday","https://www.ispot.tv/events/2019-super-bowl-commercials","https://www.youtube.com/results?search_query=CBS%20Super%20Bowl%20Sunday%20super%20bowl%202019%20ad","0.48","CBS ""We Are The Champions"" Super Bowl Promo (HD)","https://www.youtube.com/watch?v=Bf_D9PkiGic","0.48","CBS Rejects Medical Marijuana Super Bowl Commercial","https://www.youtube.com/watch?v=IyA_4ZfVikE","0.441","CBS Sports Network Super Bowl 2019 TV Promo, 'Dream Big, Kid'","https://www.youtube.com/watch?v=l2JXdVvuc6k"
"super-bowl-2019-ispot-is1_","2019","CBS","How Do You Define the Best?","https://www.ispot.tv/ad/IS1_/the-worlds-best-super-bowl-2019-how-do-you-define-the-best","https://www.ispot.tv/events/2019-super-bowl-commercials","https://www.youtube.com/results?search_query=CBS%20How%20Do%20You%20Define%20the%20Best%3F%20super%20bowl%202019%20ad","0.38","CBS Special Takes A Look At The Super Bowl's Greatest Commercials","https://www.youtube.com/watch?v=ChlM8Je3WVg","0.366","The Winner For Best Super Bowl Ad Goes To...","https://www.youtube.com/watch?v=txdm45z6eS4","0.357","CBS celebrates 25 years of top Super Bowl commercials in Hall of Fame countdown","https://www.youtube.com/watch?v=AeADwyhNSGE"
"super-bowl-2019-ispot-iszm","2019","YouTube TV","Watch Like a Fan","https://www.ispot.tv/ad/ISZM/youtube-tv-super-bowl-2019-watch-like-a-fan","https://www.ispot.tv/events/2019-super-bowl-commercials","https://www.youtube.com/results?search_query=YouTube%20TV%20Watch%20Like%20a%20Fan%20super%20bowl%202019%20ad","1.38","YouTube TV, Watch Like A Fan","https://www.youtube.com/watch?v=1tZg3G3OIRA","1.38","YouTube TV, Watch Like A Fan","https://www.youtube.com/watch?v=n437dNqw6bA","1.38","YouTube TV, Watch Like A Fan","https://www.youtube.com/watch?v=z2Ys3jaNcTI"
"super-bowl-2019-ispot-isol","2019","Head & Shoulders","Pre-Release: Smash Therapy","https://www.ispot.tv/ad/ISOl/head-and-shoulders-super-bowl-2019-smash-therapy","https://www.ispot.tv/events/2019-super-bowl-commercials","https://www.youtube.com/results?search_query=Head%20%26%20Shoulders%20Pre-Release%3A%20Smash%20Therapy%20super%20bowl%202019%20ad","0.613","Real People - Head & Shoulders - Super Bowl LIII #HeadstrongAd - Smash Therapy","https://www.youtube.com/watch?v=DMRk6WXgUFY","0.513","SMASH THERAPY","https://www.youtube.com/watch?v=d6xgIqGb_ig","0.48","Head & Shoulders Super Bowl commercial featuring Spring woman","https://www.youtube.com/watch?v=RJjM6jhxvqg"
"super-bowl-2019-ispot-igcf","2019","Sprint","Teaser: Brainstorming: Good Ideas","https://www.ispot.tv/ad/IgCF/sprint-super-bowl-2019-teaser-brainstorming-good-ideas","https://www.ispot.tv/events/2019-super-bowl-commercials","https://www.youtube.com/results?search_query=Sprint%20Teaser%3A%20Brainstorming%3A%20Good%20Ideas%20super%20bowl%202019%20ad","0.441","Sprint - Best of Both Worlds - Super Bowl 2019 Commercial","https://www.youtube.com/watch?v=u-fjDjOjdfE","0.43","Sprint Super Bowl Commercial 2018 #SuperBowlAds #AdBowl 2019","https://www.youtube.com/watch?v=rWIUAkSmS_k","0.13","2019 Super Bowl Commercial Teaser - Marshawn Lynch","https://www.youtube.com/watch?v=aYIwHzBSr1A"
"super-bowl-2019-ispot-igco","2019","Sprint","Teaser: Brainstorming: Bleep","https://www.ispot.tv/ad/IgCO/sprint-super-bowl-2019-teaser-best-of-both-worlds-brainstorming-bleep","https://www.ispot.tv/events/2019-super-bowl-commercials","https://www.youtube.com/results?search_query=Sprint%20Teaser%3A%20Brainstorming%3A%20Bleep%20super%20bowl%202019%20ad","0.455","Sprint - Best of Both Worlds - Super Bowl 2019 Commercial","https://www.youtube.com/watch?v=u-fjDjOjdfE","0.441","Sprint Super Bowl Commercial 2018 #SuperBowlAds #AdBowl 2019","https://www.youtube.com/watch?v=rWIUAkSmS_k","0.13","Bubly Super Bowl 2019 Ad Teaser Starring Michael Buble","https://www.youtube.com/watch?v=QUiBgnQQ9-w"
"super-bowl-2019-ispot-iffz","2019","Burger King","Teaser: Testing, 1-2-3","https://www.ispot.tv/ad/IfFz/burger-king-super-bowl-2019-teaser-testing-1-2-3","https://www.ispot.tv/events/2019-super-bowl-commercials","https://www.youtube.com/results?search_query=Burger%20King%20Teaser%3A%20Testing%2C%201-2-3%20super%20bowl%202019%20ad","0.78","Burger King Super Bowl 57 Commercial","https://www.youtube.com/watch?v=ptDFLXXjMhM","0.78","Burger King Super Bowl XL Commercial","https://www.youtube.com/watch?v=p1KajrPR85s","0.68","Burger King | Super Bowl Commercial | 2023","https://www.youtube.com/watch?v=3VESlHYsHuA"
"super-bowl-2019-ispot-iffd","2019","Burger King","Teaser: Art Takes Time.","https://www.ispot.tv/ad/IfFD/burger-king-super-bowl-2019-teaser-testing-1-2-3","https://www.ispot.tv/events/2019-super-bowl-commercials","https://www.youtube.com/results?search_query=Burger%20King%20Teaser%3A%20Art%20Takes%20Time.%20super%20bowl%202019%20ad","0.613","Burger King Super Bowl 57 Commercial","https://www.youtube.com/watch?v=ptDFLXXjMhM","0.613","Burger King Super Bowl XL Commercial","https://www.youtube.com/watch?v=p1KajrPR85s","0.575","22 Burger King ads at the same time!","https://www.youtube.com/watch?v=eO5UyI0ReEw"
"super-bowl-2019-ispot-iff6","2019","Burger King","Teaser: Focus","https://www.ispot.tv/ad/IfF6/burger-king-super-bowl-2019-teaser-focus","https://www.ispot.tv/events/2019-super-bowl-commercials","https://www.youtube.com/results?search_query=Burger%20King%20Teaser%3A%20Focus%20super%20bowl%202019%20ad","0.78","Burger King Super Bowl 57 Commercial","https://www.youtube.com/watch?v=ptDFLXXjMhM","0.78","Burger King Super Bowl XL Commercial","https://www.youtube.com/watch?v=p1KajrPR85s","0.68","Burger King | Super Bowl Commercial | 2023","https://www.youtube.com/watch?v=3VESlHYsHuA"
"super-bowl-2020-ispot-zejl","2020","FOX","Unbelievable","https://www.ispot.tv/ad/ZEjl/2020-daytona-500-super-bowl-2020","https://www.ispot.tv/events/2020-super-bowl-commercials","https://www.youtube.com/results?search_query=FOX%20Unbelievable%20super%20bowl%202020%20ad","0.405","FOX BANNED Scarlett Johansson SodaStream Super Bowl Ad","https://www.youtube.com/watch?v=eHxuG9Pz2X0","0.38","Watch all the BEST 2026 Super Bowl LX ads I NFL I Fox Sports","https://www.youtube.com/watch?v=YwKKLYXKMhI","0.371","Watch Demi Lovato perform the National Anthem at Super Bowl LIV | FOX NFL","https://www.youtube.com/watch?v=jaYY8yqJLbU"
"super-bowl-2020-ispot-zejs","2020","FOX","Superstars","https://www.ispot.tv/ad/ZEjS/friday-night-smackdown-super-bowl-2020-tv-promo-superstars","https://www.ispot.tv/events/2020-super-bowl-commercials","https://www.youtube.com/results?search_query=FOX%20Superstars%20super%20bowl%202020%20ad","0.455","FOX Super Bowl 2020 TV Commercial TV Promo Super Monday Enjoy All of It","https://www.youtube.com/watch?v=JZh9JfYrAvE","0.38","Watch all the BEST 2026 Super Bowl LX ads I NFL I Fox Sports","https://www.youtube.com/watch?v=YwKKLYXKMhI","0.371","Watch all the BEST 2025 Super Bowl LIX ads I NFL Fox Sports","https://www.youtube.com/watch?v=Tx2DPYeVngw"
"super-bowl-2020-ispot-zejk","2020","FOX","Storm","https://www.ispot.tv/ad/ZEjK/9-1-1-lone-star-super-bowl-2020-tv-promo-storm","https://www.ispot.tv/events/2020-super-bowl-commercials","https://www.youtube.com/results?search_query=FOX%20Storm%20super%20bowl%202020%20ad","0.38","Watch all the BEST 2026 Super Bowl LX ads I NFL I Fox Sports","https://www.youtube.com/watch?v=YwKKLYXKMhI","0.151","'WE WILL DEPORT YOU': ICE announces Super Bowl plans after Bad Bunny halftime reveal","https://www.youtube.com/watch?v=GjkTs_Lrof4","0.13","Super Bowl 2020 Ads | GOOGLE 'Loretta'","https://www.youtube.com/watch?v=oV2Mhg9W9QM"
"super-bowl-2020-ispot-zerp","2020","Rocket Mortgage","Home","https://www.ispot.tv/ad/ZERP/rocket-mortgage-super-bowl-2020-featuring-jason-momoa","https://www.ispot.tv/events/2020-super-bowl-commercials","https://www.youtube.com/results?search_query=Rocket%20Mortgage%20Home%20super%20bowl%202020%20ad","0.88","Take Me Home Rocket","https://www.youtube.com/watch?v=GxH8dlWyjNU","0.66","Super Bowl LVI (56) Commercial: Rocket Homes and Rocket Mortgage - Dream House (2022)","https://www.youtube.com/watch?v=_yfNDUpYBWQ","0.66","Rocket Homes and Rocket Mortgage | Super Bowl LVI | Nervous Teaser with Anna Kendrick and Barbie","https://www.youtube.com/watch?v=R4nwZY68NnU"
"super-bowl-2020-ispot-zerk","2020","FOX","A Run at History","https://www.ispot.tv/ad/ZERK/2020-daytona-500-super-bowl-2020-a-run-at-history","https://www.ispot.tv/events/2020-super-bowl-commercials","https://www.youtube.com/results?search_query=FOX%20A%20Run%20at%20History%20super%20bowl%202020%20ad","0.56","2020 Daytona 500 Super Bowl 2020 TV Commercial TV Promo A Run at History","https://www.youtube.com/watch?v=MH6DDU-BFMA","0.48","Fox Nation Super Bowl LVII Commercial","https://www.youtube.com/watch?v=BYN8UHgf_BQ","0.473","FOX Super Bowl 2020 TV Commercial TV Promo Super Monday","https://www.youtube.com/watch?v=IXqbtWbFIdI"
"super-bowl-2020-ispot-zerd","2020","Rakuten","A Father-Son Moment","https://www.ispot.tv/ad/ZERd/rakuten-super-bowl-2020-a-father-son-moment","https://www.ispot.tv/events/2020-super-bowl-commercials","https://www.youtube.com/results?search_query=Rakuten%20A%20Father-Son%20Moment%20super%20bowl%202020%20ad","0.413","Super Bowl 2020 All ""Online & Auction Websites"" Commercials (Rakuten)","https://www.youtube.com/watch?v=Bs4F92UJXKM","0.391","Rakuten Super Bowl LVI (56) Commercial (extended)","https://www.youtube.com/watch?v=JTgcCcxs52g","0.38","Super Bowl LVII (57) Commercial: Rakuten - Not So Clueless (2023)","https://www.youtube.com/watch?v=DcE2jx8PG68"
"super-bowl-2020-ispot-zsmc","2020","TurboTax","Teaser: UGC Launch","https://www.ispot.tv/ad/Zsmc/turbotax-super-bowl-2020-teaser-ugc-launch","https://www.ispot.tv/events/2020-super-bowl-commercials","https://www.youtube.com/results?search_query=TurboTax%20Teaser%3A%20UGC%20Launch%20super%20bowl%202020%20ad","0.447","TurboTax - Freeloader - Super Bowl Commercial 2021","https://www.youtube.com/watch?v=LAz0ZHY5Mv4","0.441","TurboTax - All People Are Tax People - Super Bowl 2020 Commercial","https://www.youtube.com/watch?v=TzJABTHwcV8","0.441","TurboTax All People Are Tax People - Super Bowl 2020 Commercial","https://www.youtube.com/watch?v=QmWdVXtYQKk"
"super-bowl-2020-ispot-zsqb","2020","Rocket Mortgage","Teaser: Bath Time","https://www.ispot.tv/ad/Zsqb/rocket-mortgage-super-bowl-2020-teaser-bath-time-featuring-jason-momoa","https://www.ispot.tv/events/2020-super-bowl-commercials","https://www.youtube.com/results?search_query=Rocket%20Mortgage%20Teaser%3A%20Bath%20Time%20super%20bowl%202020%20ad","0.613","Rocket mortgage superbowl commercial..","https://www.youtube.com/watch?v=E7oPcGnn5E8","0.552","Rocket Mortgage Jason Momoa - Super Bowl 2020 Funny Commercial","https://www.youtube.com/watch?v=g4pIQIzdlac","0.552","Funny Super Bowl 2020 | Rocket Mortgage Ad ft. Jason Momoa","https://www.youtube.com/watch?v=KtcB66O19Fw"
"super-bowl-2021-ispot-tekp","2021","Paramount+","Y: 1883","https://www.ispot.tv/ad/teKp/yellowstone-on-paramount-","https://www.ispot.tv/events/2021-super-bowl-commercials","https://www.youtube.com/results?search_query=Paramount%2B%20Y%3A%201883%20super%20bowl%202021%20ad","0.53","SpongeBob On Paramount + Commercial (Super Bowl Commercial)","https://www.youtube.com/watch?v=5ArOzEontRA","0.5","1883 (2021) | Series Trailer | Paramount+/CBS Entertainment","https://www.youtube.com/watch?v=VW0q3OwBzLI","0.497","Super Bowl LV (55) Commercial: Paramount+ - Cliffhanger (2021)","https://www.youtube.com/watch?v=klGb37lqoXE"
"super-bowl-2021-ispot-tekg","2021","Paramount+","Everest","https://www.ispot.tv/ad/teKG/paramount-super-bowl-2021-everest","https://www.ispot.tv/events/2021-super-bowl-commercials","https://www.youtube.com/results?search_query=Paramount%2B%20Everest%20super%20bowl%202021%20ad","0.497","Super Bowl LV (55) Commercial: Paramount+ - Cliffhanger (2021)","https://www.youtube.com/watch?v=klGb37lqoXE","0.497","Super Bowl LV (55) Commercial: Paramount+ - Frostbite (2021)","https://www.youtube.com/watch?v=ZR69gbmvOH0","0.447","Paramount Plus | Superbowl | TV Commercial","https://www.youtube.com/watch?v=N1n2bUw_d14"
"super-bowl-2021-ispot-tegj","2021","Paramount+","Ready","https://www.ispot.tv/ad/teGJ/paramount-kamp-koral-and-the-spongebob-movie-sponge-on-the-run-super-bowl-2021-ready","https://www.ispot.tv/events/2021-super-bowl-commercials","https://www.youtube.com/results?search_query=Paramount%2B%20Ready%20super%20bowl%202021%20ad","0.53","SpongeBob On Paramount + Commercial (Super Bowl Commercial)","https://www.youtube.com/watch?v=5ArOzEontRA","0.497","Super Bowl LV (55) Commercial: Paramount+ - Cliffhanger (2021)","https://www.youtube.com/watch?v=klGb37lqoXE","0.497","Super Bowl LV (55) Commercial: Paramount+ - Frostbite (2021)","https://www.youtube.com/watch?v=ZR69gbmvOH0"
"super-bowl-2021-ispot-tegg","2021","Paramount+","Breathtaking","https://www.ispot.tv/ad/teGg/super-bowl-2021-breathtaking","https://www.ispot.tv/events/2021-super-bowl-commercials","https://www.youtube.com/results?search_query=Paramount%2B%20Breathtaking%20super%20bowl%202021%20ad","0.497","Super Bowl LV (55) Commercial: Paramount+ - Cliffhanger (2021)","https://www.youtube.com/watch?v=klGb37lqoXE","0.497","Super Bowl LV (55) Commercial: Paramount+ - Frostbite (2021)","https://www.youtube.com/watch?v=ZR69gbmvOH0","0.43","2021 Super Bowl Commercials Paramount+ Expedition: Sweet Victory #DailyBingeing","https://www.youtube.com/watch?v=-eob7jyGj2U"
"super-bowl-2021-ispot-tegd","2021","NFL","Inspire Change: It Takes All of Us","https://www.ispot.tv/ad/teGd/nfl-super-bowl-2021-inspire-change-it-takes-all-of-us","https://www.ispot.tv/events/2021-super-bowl-commercials","https://www.youtube.com/results?search_query=NFL%20Inspire%20Change%3A%20It%20Takes%20All%20of%20Us%20super%20bowl%202021%20ad","0.68","Inspire Change | Super Bowl LV Commercial","https://www.youtube.com/watch?v=bu_kAMpCKME","0.629","NFL Inspire Change and Alabama Appleseed","https://www.youtube.com/watch?v=kXhneJoEIXk","0.613","Super Bowl LIV (54) Commercial: NFL - Inspire Change (2020)","https://www.youtube.com/watch?v=lE3aIzmsVqI"
"super-bowl-2021-ispot-test","2021","CBS","Stories","https://www.ispot.tv/ad/teST/clarice-super-bowl-2021-storie","https://www.ispot.tv/events/2021-super-bowl-commercials","https://www.youtube.com/results?search_query=CBS%20Stories%20super%20bowl%202021%20ad","0.455","Watch all the 2021 commercials for Super Bowl 55 on CBS","https://www.youtube.com/watch?v=KJUwsOzjbvs","0.423","CBS Special Takes A Look At The Super Bowl's Greatest Commercials","https://www.youtube.com/watch?v=ChlM8Je3WVg","0.405","CBS rejects Super Bowl ad touting medical marijuana","https://www.youtube.com/watch?v=Am_PuTz65UM"
"super-bowl-2022-ispot-bvkr","2022","NBC","Rivals","https://www.ispot.tv/ad/bVKR/the-endgame-super-bowl-2022-rivals","https://www.ispot.tv/events/2022-super-bowl-commercials","https://www.youtube.com/results?search_query=NBC%20Rivals%20super%20bowl%202022%20ad","0.455","NBC ‚ÄúSuper Bowl LVI‚Äù cold open February 13, 2022","https://www.youtube.com/watch?v=tY2TAb_uXcs","0.447","NBC Super Bowl Commercial - Brotherhood of Man","https://www.youtube.com/watch?v=yt8tR3nuG6A","0.447","NBC fetches $6.5 million for Super Bowl ads","https://www.youtube.com/watch?v=Cx9RhqlAULg"
"super-bowl-2022-ispot-bvpz","2022","NBC","Monobob","https://www.ispot.tv/ad/bVpz/nbc-super-bowl-2022-2022-winter-olympics-monobob","https://www.ispot.tv/events/2022-super-bowl-commercials","https://www.youtube.com/results?search_query=NBC%20Monobob%20super%20bowl%202022%20ad","0.447","NBC fetches $6.5 million for Super Bowl ads","https://www.youtube.com/watch?v=Cx9RhqlAULg","0.447","NBC Super Bowl Commercial - Brotherhood of Man","https://www.youtube.com/watch?v=yt8tR3nuG6A","0.401","2022 Super Bowl Halftime Commercials (NBC, Verizon, Crypto.com, NFL, Toyota, Peacock TV, Pepsi)","https://www.youtube.com/watch?v=uyc-T-_wFJ8"
"super-bowl-2022-ispot-bvpr","2022","NBC","Amazing Final Act","https://www.ispot.tv/ad/bVpr/nbc-super-bowl-2022-2022-winter-olympics-amazing-final-act","https://www.ispot.tv/events/2022-super-bowl-commercials","https://www.youtube.com/results?search_query=NBC%20Amazing%20Final%20Act%20super%20bowl%202022%20ad","0.397","2022 Super Bowl 4th Quarter Commercials (YouTube TV, NBC, SKECHERS, Marvel, Hyundai, Verizon)","https://www.youtube.com/watch?v=5JpPpjAdMfo","0.393","2022 Super Bowl Halftime Commercials (NBC, Verizon, Crypto.com, NFL, Toyota, Peacock TV, Pepsi)","https://www.youtube.com/watch?v=uyc-T-_wFJ8","0.343","Bad Bunny & Lady Gaga at the Super Bowl halftime show? We like it like that. (Apple Music/NBC/NFL)","https://www.youtube.com/watch?v=SAwWgnMBgpU"
"super-bowl-2022-ispot-bvbl","2022","eToro","Imagine a World","https://www.ispot.tv/ad/bVBL/etoro-2022-super-bowl-imagine-a-world","https://www.ispot.tv/events/2022-super-bowl-commercials","https://www.youtube.com/results?search_query=eToro%20Imagine%20a%20World%20super%20bowl%202022%20ad","0.486","eToro - Who's a goojibooboo?","https://www.youtube.com/watch?v=S5ssyDmf_gI","0.43","Super Bowl LVI (56) Commercial: eToro - Flying Your Way (2022)","https://www.youtube.com/watch?v=QBnSFwjRtao","0.413","eToro SuperBowl 2022 ""Flying your way"" ExtendedCut 50 EnglishSubtitles","https://www.youtube.com/watch?v=NLaHcnzCbNM"
"super-bowl-2022-ispot-bvky","2022","NBC","Sam","https://www.ispot.tv/ad/bVKY/law-and-order-super-bowl-2022-promo-sam","https://www.ispot.tv/events/2022-super-bowl-commercials","https://www.youtube.com/results?search_query=NBC%20Sam%20super%20bowl%202022%20ad","0.447","NBC Super Bowl Commercial - Brotherhood of Man","https://www.youtube.com/watch?v=yt8tR3nuG6A","0.41","Super Bowl LVI (56) Commercial: Sam's Club - Kevin Hart / Sam's Club VIP (2022)","https://www.youtube.com/watch?v=e2VAM1kgmyU","0.405","NBC Refuses to Air Weed Ad During Super Bowl","https://www.youtube.com/watch?v=vZIc4-iGmZ0"
"super-bowl-2022-ispot-q9h9","2022","Caesars Entertainment","I Said Legendary","https://www.ispot.tv/ad/q9h9/caesars-sportsbook-super-bowl-2022-pre-release-i-said-legendary-ft-jb-smoove-halle-berry","https://www.ispot.tv/events/2022-super-bowl-commercials","https://www.youtube.com/results?search_query=Caesars%20Entertainment%20I%20Said%20Legendary%20super%20bowl%202022%20ad","0.413","Super Bowl LVI (56) Commercial: Caesars Sportsbooks - Sit Down Dinner (2022)","https://www.youtube.com/watch?v=63kpPnd5FAU","0.401","2022. Caesars Sportsbook - Sit Down Dinner - Outtakes (Smoove, Berry, the Mannings) [Super Bowl]","https://www.youtube.com/watch?v=viu1VmlU40w","0.391","Little Caesars / Whoa! - 2025 Super Bowl Commercial","https://www.youtube.com/watch?v=9jZ04s8ta9o"
"super-bowl-2022-ispot-bvpf","2022","NBC","The Original Returns","https://www.ispot.tv/ad/bVpf/law-and-order-super-bowl-2022-tv-promo-the-original-returns","https://www.ispot.tv/events/2022-super-bowl-commercials","https://www.youtube.com/results?search_query=NBC%20The%20Original%20Returns%20super%20bowl%202022%20ad","0.447","NBC network Super Bowl promo","https://www.youtube.com/watch?v=Aq02MZGgprY","0.423","NBC fetches $6.5 million for Super Bowl ads","https://www.youtube.com/watch?v=Cx9RhqlAULg","0.423","NBC Super Bowl Commercial - Brotherhood of Man","https://www.youtube.com/watch?v=yt8tR3nuG6A"
"super-bowl-2022-ispot-bvg0","2022","NBC","Stay Tuned","https://www.ispot.tv/ad/bVg0/super-bowl-halftime-show-2022-stay-tuned","https://www.ispot.tv/events/2022-super-bowl-commercials","https://www.youtube.com/results?search_query=NBC%20Stay%20Tuned%20super%20bowl%202022%20ad","0.423","NBC fetches $6.5 million for Super Bowl ads","https://www.youtube.com/watch?v=Cx9RhqlAULg","0.397","2022 Super Bowl 1st Quarter Commercials (NBC, Oculus VR, Coinbase, Hologic, Carvana, BMW, Polestar)","https://www.youtube.com/watch?v=kci9axlDv8s","0.38","What To Expect From This Sunday‚Äôs Super Bowl Ads | NBC Nightly News","https://www.youtube.com/watch?v=UkLf18Qwk5I"
"super-bowl-2022-ispot-bvp5","2022","NBC","Beyond Belief","https://www.ispot.tv/ad/bVp5/americas-got-talent-extreme-super-bowl-2022-promo-beyond-belief","https://www.ispot.tv/events/2022-super-bowl-commercials","https://www.youtube.com/results?search_query=NBC%20Beyond%20Belief%20super%20bowl%202022%20ad","0.423","NBC Super Bowl Commercial - Brotherhood of Man","https://www.youtube.com/watch?v=yt8tR3nuG6A","0.401","2022 Super Bowl 4th Quarter Commercials (YouTube TV, NBC, SKECHERS, Marvel, Hyundai, Verizon)","https://www.youtube.com/watch?v=5JpPpjAdMfo","0.397","2022 Super Bowl Halftime Commercials (NBC, Verizon, Crypto.com, NFL, Toyota, Peacock TV, Pepsi)","https://www.youtube.com/watch?v=uyc-T-_wFJ8"
"super-bowl-2022-ispot-q92c","2022","Rocket Mortgage","Teaser: Staring Contest","https://www.ispot.tv/ad/q92c/rocket-mortgage-super-bowl-2022-teaser-staring-contest-featuring-anna-kendrick","https://www.ispot.tv/events/2022-super-bowl-commercials","https://www.youtube.com/results?search_query=Rocket%20Mortgage%20Teaser%3A%20Staring%20Contest%20super%20bowl%202022%20ad","0.58","Rocket Mortgage and Barbie Super Bowl LVI Ad 2022","https://www.youtube.com/watch?v=eKW6Y0Z4YKE","0.53","2022. Rocket Homes & Rocket Mortgage - Anna Kendrick & Barbie - Teaser #4(Anna Kendrick)[Super Bowl]","https://www.youtube.com/watch?v=7gQyQLYYkp8","0.53","2022. Rocket Homes & Rocket Mortgage - Anna Kendrick & Barbie - Teaser #2(Anna Kendrick)[Super Bowl]","https://www.youtube.com/watch?v=XqIx0ORQkK8"
"super-bowl-2022-ispot-q4gu","2022","Caesars Entertainment","Teaser: The Longest Touchdown Dance","https://www.ispot.tv/ad/q4gu/caesars-sportsbook-super-bowl-2022-teaser-the-longest-touchdown-dance","https://www.ispot.tv/events/2022-super-bowl-commercials","https://www.youtube.com/results?search_query=Caesars%20Entertainment%20Teaser%3A%20The%20Longest%20Touchdown%20Dance%20super%20bowl%202022%20ad","0.407","Super Bowl LVI (56) Commercial: Caesars Sportsbooks - Sit Down Dinner (2022)","https://www.youtube.com/watch?v=63kpPnd5FAU","0.171","Watch All the Celebs Vibing at the Super Bowl #Shorts","https://www.youtube.com/watch?v=AB0BB8i_zrI","0.13","Super Bowl LVI 2022 Halftime Show LA Sofi Stadium (Full Show)","https://www.youtube.com/watch?v=715Cdo71elw"
"super-bowl-2022-ispot-qpwn","2022","Michelob","Teaser: Opening Soon","https://www.ispot.tv/ad/qPwn/michelob-ultra-super-bowl-2022-teaser-opening-soon-featuring-steve-buscemi-song-by-electric-light-or","https://www.ispot.tv/events/2022-super-bowl-commercials","https://www.youtube.com/results?search_query=Michelob%20Teaser%3A%20Opening%20Soon%20super%20bowl%202022%20ad","0.48","The Jump | Michelob ULTRA | Super Bowl LX Teaser","https://www.youtube.com/watch?v=LBJYrk0T89A","0.447","Greg‚Äôs Tab | Michelob ULTRA | Super Bowl LX Teaser","https://www.youtube.com/watch?v=rmc884_xUFk","0.447","Michelob ULTRA Extended Super Bowl 2025 Commercial","https://www.youtube.com/watch?v=V9lbmxDWTQg"
"super-bowl-2023-ispot-1vdw","2023","FOX","Indiana Jones and the Dial of Destiny and Crown Royal","https://www.ispot.tv/ad/1VdW/fox-super-bowl-2023-indiana-jones-and-the-dial-of-destiny-and-crown-royal","https://www.ispot.tv/events/2023-super-bowl-commercials","https://www.youtube.com/results?search_query=FOX%20Indiana%20Jones%20and%20the%20Dial%20of%20Destiny%20and%20Crown%20Royal%20super%20bowl%202023%20ad","0.58","Indiana Jones and the Dial of Destiny | Big Game TV Spot","https://www.youtube.com/watch?v=TQpwONzpcy4","0.58","Big Game Spot | Indiana Jones and The Dial Of Destiny | Disney UK","https://www.youtube.com/watch?v=Qg-zvqUeXLQ","0.53","INDIANA JONES 5: THE DIAL OF DESTINY Official Super Bowl Trailer (2023)","https://www.youtube.com/watch?v=KhHKekmU1LQ"
"super-bowl-2023-ispot-1vdf","2023","FOX","M&M's and Ram Trucks","https://www.ispot.tv/ad/1Vdf/fox-super-bowl-2023-m-and-ms-and-ram-trucks","https://www.ispot.tv/events/2023-super-bowl-commercials","https://www.youtube.com/results?search_query=FOX%20M%26M's%20and%20Ram%20Trucks%20super%20bowl%202023%20ad","0.352","RAM Trucks | Super Bowl 2023 LVII (57) Commercial","https://www.youtube.com/watch?v=-E3tv40PR_Q","0.33","Ram Trucks | 2025 Big Game | Goldilocks and the Three Trucks feat. Glen Powell | :90","https://www.youtube.com/watch?v=XRPuxcbUa00","0.33","Ram Trucks Super Bowl Commercial 2023 Jason Jones Premature Electrification Ad Review","https://www.youtube.com/watch?v=RYegOSyv0o4"
"super-bowl-2023-ispot-1vwk","2023","FOX","No Substitutes","https://www.ispot.tv/ad/1VwK/usfl-super-bowl-2023-tv-promo-no-substitutes","https://www.ispot.tv/events/2023-super-bowl-commercials","https://www.youtube.com/results?search_query=FOX%20No%20Substitutes%20super%20bowl%202023%20ad","0.38","Watch all the BEST 2026 Super Bowl LX ads I NFL I Fox Sports","https://www.youtube.com/watch?v=YwKKLYXKMhI","0.371","Watch all the BEST 2025 Super Bowl LIX ads I NFL Fox Sports","https://www.youtube.com/watch?v=Tx2DPYeVngw","0.28","Desi Lydic Foxsplains Bad Bunny's Super Bowl Halftime Show | The Daily Show","https://www.youtube.com/watch?v=ocvp7pxT-SE"
"super-bowl-2023-ispot-1vw5","2023","Molson Coors Beverage Company","Beer Battle","https://www.ispot.tv/ad/1Vw5/millercoors-super-bowl-2023-beer-battle","https://www.ispot.tv/events/2023-super-bowl-commercials","https://www.youtube.com/results?search_query=Molson%20Coors%20Beverage%20Company%20Beer%20Battle%20super%20bowl%202023%20ad","0.544","Molson Coors / Coors Light, Miller Lite | The High Stakes Beer Ad - 2023 Super Bowl Commercial","https://www.youtube.com/watch?v=AAe9pAAQ3Ns","0.468","Super Bowl LVII dubbed ‚ÄòBetting Bowl or Beer Bowl‚Äô amid Molson Coors-DraftKings team-up: Brand VPs","https://www.youtube.com/watch?v=J_qmUIHju-M","0.462","DraftKings partners with Molson Coors for upcoming Super Bowl ad","https://www.youtube.com/watch?v=J1-aQwudOhs"
"super-bowl-2023-ispot-1vwt","2023","FOX","Apple Music Halftime Show: The Wait Is Almost Over","https://www.ispot.tv/ad/1Vwt/super-bowl-lvii-halftime-show-super-bowl-2023-tv-promo-apple-music-halftime-show-the-wait-is-almost-","https://www.ispot.tv/events/2023-super-bowl-commercials","https://www.youtube.com/results?search_query=FOX%20Apple%20Music%20Halftime%20Show%3A%20The%20Wait%20Is%20Almost%20Over%20super%20bowl%202023%20ad","0.697","Fox Promo: Apple Music Super Bowl LVII Halftime Show","https://www.youtube.com/watch?v=Qu33Kg16Hkk","0.48","Usher‚Äôs Apple Music Super Bowl Halftime Show","https://www.youtube.com/watch?v=7hYbrdC_-s8","0.444","Rihanna‚Äôs FULL Apple Music Super Bowl LVII Halftime Show","https://www.youtube.com/watch?v=HjBo--1n8lI"
"super-bowl-2023-ispot-1vw2","2023","FOX","Google Pixel and General Motors","https://www.ispot.tv/ad/1Vw2/fox-super-bowl-2023-google-pixel-and-general-motors","https://www.ispot.tv/events/2023-super-bowl-commercials","https://www.youtube.com/results?search_query=FOX%20Google%20Pixel%20and%20General%20Motors%20super%20bowl%202023%20ad","0.366","Google Pixel 7 Super Bowl 57 Commercial","https://www.youtube.com/watch?v=AEPR94QrXL0","0.357","Watch all the BEST 2026 Super Bowl LX ads I NFL I Fox Sports","https://www.youtube.com/watch?v=YwKKLYXKMhI","0.33","Super Bowl LVII (57) Commercial: Google Pixel 7 - Fixed on Pixel (2023)","https://www.youtube.com/watch?v=refgNNAYqB4"
"super-bowl-2023-ispot-1vl2","2023","He Gets Us","Kids","https://www.ispot.tv/ad/1VL2/he-gets-us-super-bowl-2023-kids-song-by-patsy-cline","https://www.ispot.tv/events/2023-super-bowl-commercials","https://www.youtube.com/results?search_query=He%20Gets%20Us%20Kids%20super%20bowl%202023%20ad","0.53","He Gets Us Super Bowl Commercial 2024","https://www.youtube.com/watch?v=qw-M4J9aOQ8","0.473","Super Bowl LVII (57) Commercial: He Gets Us - Be Childlike (2023)","https://www.youtube.com/watch?v=HIwJsIpn6q8","0.455","He Gets Us | Super Bowl 2023: ""Love Your Enemies""","https://www.youtube.com/watch?v=sLSZpdBsQc8"
"super-bowl-2023-ispot-1vwy","2023","WhaleCo Inc.","Temu: Shopping","https://www.ispot.tv/ad/1VwY/whaleco-inc-super-bowl-2023-shopping","https://www.ispot.tv/events/2023-super-bowl-commercials","https://www.youtube.com/results?search_query=WhaleCo%20Inc.%20Temu%3A%20Shopping%20super%20bowl%202023%20ad","0.247","Temu's Big Game Ad Encore TV Commercial 2024","https://www.youtube.com/watch?v=5Od0aOse1wc","0.247","OOH OOH TEMU Super Bowl ad!","https://www.youtube.com/watch?v=juX4c4IGB60","0.223","Temu‚Äôs Super Bowl Commercials ü§¶‚Äç‚ôÇÔ∏è","https://www.youtube.com/watch?v=0REaakdMyCs"
"super-bowl-2023-ispot-1va4","2023","Pepsi Zero Sugar","What You‚Äôre Seeing Is Real","https://www.ispot.tv/ad/1VA4/pepsi-zero-sugar-super-bowl-2023-what-youre-seeing-is-real-featuring-ben-stiller","https://www.ispot.tv/events/2023-super-bowl-commercials","https://www.youtube.com/results?search_query=Pepsi%20Zero%20Sugar%20What%20You%E2%80%99re%20Seeing%20Is%20Real%20super%20bowl%202023%20ad","0.55","Pepsi Zero Sugar Commercial Ôøº2023Ôøº","https://www.youtube.com/watch?v=HESCLPZthUM","0.533","Pepsi Zero Sugar Commercial (2026)","https://www.youtube.com/watch?v=98C3aMcOcmw","0.53","Pepsi Zero Sugar / Great Acting or Great Taste? l Steve Martin | 2023 Super Bowl Commercial","https://www.youtube.com/watch?v=VCziVcMU60o"
"super-bowl-2023-ispot-1vyz","2023","T-Mobile","The Re-Write","https://www.ispot.tv/ad/1VYZ/t-mobile-super-bowl-2023-the-re-write-featuring-bradley-cooper","https://www.ispot.tv/events/2023-super-bowl-commercials","https://www.youtube.com/results?search_query=T-Mobile%20The%20Re-Write%20super%20bowl%202023%20ad","0.76","T-Mobile 'The Re-Write' with Bradley Cooper and Mom | Super Bowl 2023 Ads | Ads","https://www.youtube.com/watch?v=p2MlCg2S5Qc","0.76","T-Mobile Super Bowl Commercial 2023 Bradley Cooper The Re-Write Ad Review","https://www.youtube.com/watch?v=K9bvKAzSXxw","0.497","T-Mobile / The Rewrite - 2023 Super Bowl Commercial","https://www.youtube.com/watch?v=J23W-FRS6N0"
"super-bowl-2023-ispot-2ux2","2023","Avocados From Mexico","Make It Better","https://www.ispot.tv/ad/2UX2/avocados-from-mexico-super-bowl-2023-pre-release-make-it-better-featuring-anna-faris","https://www.ispot.tv/events/2023-super-bowl-commercials","https://www.youtube.com/results?search_query=Avocados%20From%20Mexico%20Make%20It%20Better%20super%20bowl%202023%20ad","0.91","Avocados From Mexico 'Make It Better' Feat. Anna Faris | Super Bowl 2023 Ads | Commercials","https://www.youtube.com/watch?v=wC-bOP2hl1g","0.91","Avocados From Mexico Super Bowl Commercial 2023 Anna Faris Make It Better Ad Review","https://www.youtube.com/watch?v=1H53L9uq9wI","0.705","Super Bowl LVII (57) Commercial: Avocados from Mexico - Better (2023)","https://www.youtube.com/watch?v=SwIrJnIFqVw"
"super-bowl-2023-ispot-1vaz","2023","FOX","Limits Pushed","https://www.ispot.tv/ad/1VAz/next-level-chef-super-bowl-2023-tv-promo-limits-pushed","https://www.ispot.tv/events/2023-super-bowl-commercials","https://www.youtube.com/results?search_query=FOX%20Limits%20Pushed%20super%20bowl%202023%20ad","0.48","Fox Nation Super Bowl LVII Commercial","https://www.youtube.com/watch?v=BYN8UHgf_BQ","0.423","üèà Superbowl LVII Ad REJECTED by FOX! üò±","https://www.youtube.com/watch?v=ShmgPaKYE-Q","0.405","NFL on FOX: SuperBowl LIX (commercial)Ôøº","https://www.youtube.com/watch?v=qm6mZAl58mY"
"super-bowl-2024-ispot-6wwe","2024","CBS","Fifteen Seconds","https://www.ispot.tv/ad/6wWe/so-help-me-todd-super-bowl-2024-tv-promo-fifteen-seconds","https://www.ispot.tv/events/2024-super-bowl-commercials","https://www.youtube.com/results?search_query=CBS%20Fifteen%20Seconds%20super%20bowl%202024%20ad","0.405","CBS Special Takes A Look At The Super Bowl's Greatest Commercials","https://www.youtube.com/watch?v=ChlM8Je3WVg","0.371","CBS celebrates 25 years of top Super Bowl commercials in Hall of Fame countdown","https://www.youtube.com/watch?v=AeADwyhNSGE","0.247","Controversy over Super Bowl ad","https://www.youtube.com/watch?v=13KIHFwCp0k"
"super-bowl-2024-ispot-6wwi","2024","CBS","Justice","https://www.ispot.tv/ad/6wWi/the-equalizer-super-bowl-2024-justice","https://www.ispot.tv/events/2024-super-bowl-commercials","https://www.youtube.com/results?search_query=CBS%20Justice%20super%20bowl%202024%20ad","0.423","CBS Special Takes A Look At The Super Bowl's Greatest Commercials","https://www.youtube.com/watch?v=ChlM8Je3WVg","0.247","Meet the ""King of the Super Bowl"" advertisements","https://www.youtube.com/watch?v=asfeyj3HLN0","0.247","Meet the ""King of the Super Bowl"" advertisements","https://www.youtube.com/watch?v=nD73-xljJgY"
"super-bowl-2024-ispot-6w_m","2024","CBS","America's Favorite Taylor","https://www.ispot.tv/ad/6w_M/cbs-super-bowl-2024-tv-promo-americas-favorite-taylor","https://www.ispot.tv/events/2024-super-bowl-commercials","https://www.youtube.com/results?search_query=CBS%20America's%20Favorite%20Taylor%20super%20bowl%202024%20ad","0.423","Taylor Swift talking with NFL Commissioner Roger Goodell at the Super Bowl via CBS #TaylorSwift #NFL","https://www.youtube.com/watch?v=6v3RKfl9-UQ","0.423","CBS Sports Super Bowl LV Promo","https://www.youtube.com/watch?v=PCifx3t3Aas","0.423","Super Bowl 58 NFL On CBS Sponsored","https://www.youtube.com/watch?v=3okuF8X7EPA"
"super-bowl-2024-ispot-6wse","2024","WhaleCo Inc.","Make Your Wishes Come True","https://www.ispot.tv/ad/6wse/temu-super-bowl-2024-make-your-wishes-come-true","https://www.ispot.tv/events/2024-super-bowl-commercials","https://www.youtube.com/results?search_query=WhaleCo%20Inc.%20Make%20Your%20Wishes%20Come%20True%20super%20bowl%202024%20ad","0.234","i‚Äôm in a super bowl commercial!!! @byomaofficial  made ALL my dreams come true üíïüèàüê∞","https://www.youtube.com/watch?v=p4ug7Eo6Nag","0.163","Build Your Own Super Bowl Commercial: Choose Me | Uber Eats","https://www.youtube.com/watch?v=IGfB6QxKalA","0.13","Temu's Big Game Ad Encore TV Commercial 2024","https://www.youtube.com/watch?v=5Od0aOse1wc"
"super-bowl-2024-ispot-6wsk","2024","CBS Sports Network","Genesis Invitational","https://www.ispot.tv/ad/6wsK/pga-tour-golf-super-bowl-2024-tv-promo-genesis-invitational","https://www.ispot.tv/events/2024-super-bowl-commercials","https://www.youtube.com/results?search_query=CBS%20Sports%20Network%20Genesis%20Invitational%20super%20bowl%202024%20ad","0.763","CBS SPORTS PGA TOUR GENESIS INVITATIONAL PROMO 2024","https://www.youtube.com/watch?v=IeiLH-LSy5M","0.744","PGA Tour Golf on CBS Sports intro The Genesis Invitational","https://www.youtube.com/watch?v=VXiY9tnNQw4","0.744","PGA Tour Golf on CBS Sports intro The Genesis Invitational","https://www.youtube.com/watch?v=5inM4btnN0c"
"super-bowl-2024-ispot-5p57","2024","Dr Pepper","Fansville: Out of Control Transfer Portal","https://www.ispot.tv/ad/5p57/dr-pepper-fansville-out-of-control-transfer-portal","https://www.ispot.tv/events/2024-super-bowl-commercials","https://www.youtube.com/results?search_query=Dr%20Pepper%20Fansville%3A%20Out%20of%20Control%20Transfer%20Portal%20super%20bowl%202024%20ad","0.45","Dr. Pepper - Fansville Season 7","https://www.youtube.com/watch?v=N45-X9lUXPo","0.45","Dr Pepper Stand :30 | Fansville Season 8","https://www.youtube.com/watch?v=Dwj_GG0_ppQ","0.422","Dr  Pepper Fansville Commercial The Wave","https://www.youtube.com/watch?v=oqixYxUc6_g"
"super-bowl-2024-ispot-67xs","2024","Toyota","Teaser: Holding on to the Thrill of the Ride [T1]","https://www.ispot.tv/ad/67xS/toyota-super-bowl-2024-teaser-holding-on-to-the-thrill-of-the-ride-song-by-wilson-phillips-t1","https://www.ispot.tv/events/2024-super-bowl-commercials","https://www.youtube.com/results?search_query=Toyota%20Teaser%3A%20Holding%20on%20to%20the%20Thrill%20of%20the%20Ride%20%5BT1%5D%20super%20bowl%202024%20ad","0.533","The Power To Thrill | Toyota India","https://www.youtube.com/watch?v=JiYklPdJUcw","0.533","The Power to Thrill | Toyota India","https://www.youtube.com/watch?v=8bMb1RRYPNQ","0.423","Super bowl 2022 Toyota ""The Joneses"" Commercial","https://www.youtube.com/watch?v=GU4UwCZFnM8"
"super-bowl-2024-ispot-67md","2024","Homes.com","Teaser: The Wait Is Almost Over.","https://www.ispot.tv/ad/67MD/homes-com-super-bowl-2024-teaser-the-wait-is-almost-over","https://www.ispot.tv/events/2024-super-bowl-commercials","https://www.youtube.com/results?search_query=Homes.com%20Teaser%3A%20The%20Wait%20Is%20Almost%20Over.%20super%20bowl%202024%20ad","0.552","Homes.com Super Bowl 2024 Commercial with Dan Levy","https://www.youtube.com/watch?v=kR1T6ITU_70","0.533","Homes.com | It's a Sign","https://www.youtube.com/watch?v=qHFXlFmOqLo","0.53","Homes.com ""Goldmine"" Super Bowl 2024 Commercial with Dan Levy","https://www.youtube.com/watch?v=tjzcLGRj3fc"
"super-bowl-2024-ispot-67ti","2024","Homes.com","Teaser: What He Said","https://www.ispot.tv/ad/67ti/homes-com-super-bowl-2024-teaser-what-he-said-featuring-dan-levy-heidi-gardner","https://www.ispot.tv/events/2024-super-bowl-commercials","https://www.youtube.com/results?search_query=Homes.com%20Teaser%3A%20What%20He%20Said%20super%20bowl%202024%20ad","0.6","Homes.com | It's a Sign","https://www.youtube.com/watch?v=qHFXlFmOqLo","0.58","Homes.com Super Bowl 2024 Commercial with Dan Levy","https://www.youtube.com/watch?v=kR1T6ITU_70","0.552","Homes.com ""Goldmine"" Super Bowl 2024 Commercial with Dan Levy","https://www.youtube.com/watch?v=tjzcLGRj3fc"
"super-bowl-2024-ispot-67oj","2024","Squarespace","Teaser: Make a Website","https://www.ispot.tv/ad/67oj/squarespace-super-bowl-2024-teaser-make-a-website-featuring-martin-scorsese-francesca-scorsese","https://www.ispot.tv/events/2024-super-bowl-commercials","https://www.youtube.com/results?search_query=Squarespace%20Teaser%3A%20Make%20a%20Website%20super%20bowl%202024%20ad","0.58","Martin and Francesca Scorsese make a website together in Squarespace‚Äôs #SuperBowl ad.","https://www.youtube.com/watch?v=Xc2vUveWT7s","0.48","Unavailable (Extended) | Big Game Commercial 2026 | Squarespace","https://www.youtube.com/watch?v=2cLNMXUNzxY","0.48","Unavailable | Big Game Commercial 2026 | Squarespace","https://www.youtube.com/watch?v=NHuBiLk_A04"
"super-bowl-2024-ispot-6l9p","2024","Volkswagen","Teaser: Father Beetle","https://www.ispot.tv/ad/6L9p/volkswagen-super-bowl-2024-teaser-father-beetle-song-by-chuck-womack-and-the-sweet-souls-t1","https://www.ispot.tv/events/2024-super-bowl-commercials","https://www.youtube.com/results?search_query=Volkswagen%20Teaser%3A%20Father%20Beetle%20super%20bowl%202024%20ad","0.566","Volkswagen Beetle 2011 Super Bowl XLV television commercial","https://www.youtube.com/watch?v=-NGN4J6F_vI","0.512","Super Bowl Commercial 2024 | Volkswagen Beetle | Arrival | An American Love Story | Best Comemrcials","https://www.youtube.com/watch?v=Ap82WfdnrKw","0.512","Super Bowl Commercial 2024 | Volkswagen Beetle | Arrival | An American Love Story | Best Comemrcials","https://www.youtube.com/watch?v=Hq_81y6mp7w"
"super-bowl-2024-ispot-6leh","2024","Bud Light","Teaser: Best Night Ever","https://www.ispot.tv/ad/6LeH/bud-light-super-bowl-2024-teaser-best-night-ever-featuring-post-malone-song-by-steppenwolf","https://www.ispot.tv/events/2024-super-bowl-commercials","https://www.youtube.com/results?search_query=Bud%20Light%20Teaser%3A%20Best%20Night%20Ever%20super%20bowl%202024%20ad","0.663","Bud Light ""Easy Night Out"" Extended Super Bowl 2024 Commercial","https://www.youtube.com/watch?v=QkqE1Uz-aUs","0.63","Bud Light / Easy Night Out - 2024 Super Bowl Commercial","https://www.youtube.com/watch?v=ZTBh6wfMG6w","0.566","2026 Bud Light Super Bowl Commercial | Keg | :60","https://www.youtube.com/watch?v=z-P6OzmgCyY"
"super-bowl-2024-ispot-59ae","2024","Coors Light","Teaser: The Coors Light Chill Train: How It Works","https://www.ispot.tv/ad/59ae/coors-light-super-bowl-2024-teaser-the-coors-light-chill-train-how-it-works","https://www.ispot.tv/events/2024-super-bowl-commercials","https://www.youtube.com/results?search_query=Coors%20Light%20Teaser%3A%20The%20Coors%20Light%20Chill%20Train%3A%20How%20It%20Works%20super%20bowl%202024%20ad","0.83","The Coors Light Chill Train: How It Works | Super Bowl LVIII (58) 2024 Commercial","https://www.youtube.com/watch?v=oGwxARijKpw","0.78","Coors Light, Chill Train, Super Bowl Commercial","https://www.youtube.com/watch?v=AuwBD32G9xg","0.774","Coors Light / Chill Train - 2024 Super Bowl Commercial","https://www.youtube.com/watch?v=W_xrL5vRw5c"
"super-bowl-2024-ispot-54f4","2024","Oreo","Twist On It - Cookie Jar","https://www.ispot.tv/ad/54F4/oreo-super-bowl-teaser-it-all-starts-with-a-twist-featuring-kris-jenner","https://www.ispot.tv/events/2024-super-bowl-commercials","https://www.youtube.com/results?search_query=Oreo%20Twist%20On%20It%20-%20Cookie%20Jar%20super%20bowl%202024%20ad","0.95","OREO - Twist On It","https://www.youtube.com/watch?v=aoDPWgJFJ2M","0.95","OREO - Twist On It","https://www.youtube.com/watch?v=CxsE-fSMAdY","0.95","OREO - Twist On It","https://www.youtube.com/watch?v=-SxHlGeXhNc"
"super-bowl-2024-ispot-54bh","2024","FanDuel","Rules of Marketing","https://www.ispot.tv/ad/54BH/fanduel-super-bowl-2024-rules-of-marketing-featuring-rob-gronkowski-john-cena","https://www.ispot.tv/events/2024-super-bowl-commercials","https://www.youtube.com/results?search_query=FanDuel%20Rules%20of%20Marketing%20super%20bowl%202024%20ad","0.43","Rob Gronkowski & FanDuel Sportsbook Super Bowl Kick Of Destiny 2 Super Bowl Commercial 2024","https://www.youtube.com/watch?v=9TG6vQO0p1k","0.421","Super Bowl LVIII (58) Commercial:  FanDuel / Rob Gronkowski - Kick of Destiny 2 (2024)","https://www.youtube.com/watch?v=SqMfhDDKEUI","0.405","Gronk & FanDuel Sportsbook Super Bowl Kick of Destiny 2 | Again","https://www.youtube.com/watch?v=VPYhYICMcug"
"super-bowl-2025-ispot-tzc2","2025","FOX","TV's Biggest New Show","https://www.ispot.tv/ad/TZC2/doc-super-bowl-2025-tv-promo-tvs-biggest-new-show","https://www.ispot.tv/events/2025-super-bowl-commercials","https://www.youtube.com/results?search_query=FOX%20TV's%20Biggest%20New%20Show%20super%20bowl%202025%20ad","0.363","Watch all the BEST 2026 Super Bowl LX ads I NFL I Fox Sports","https://www.youtube.com/watch?v=YwKKLYXKMhI","0.247","Every Celeb Cameo From Bad Bunny's Super Bowl 2026 Halftime Show | E! New","https://www.youtube.com/watch?v=xTv8RcJcuU8","0.205","Leavitt on Bad Bunny being chosen as Super Bowl halftime performer #shorts #music #nfl #usa #new","https://www.youtube.com/watch?v=7u7CbfMQZMI"
"super-bowl-2025-ispot-tzck","2025","FOX","New Season","https://www.ispot.tv/ad/TZCk/ufl-football-super-bowl-2025-tv-promo-new-season","https://www.ispot.tv/events/2025-super-bowl-commercials","https://www.youtube.com/results?search_query=FOX%20New%20Season%20super%20bowl%202025%20ad","0.413","Watch all the BEST 2025 Super Bowl LIX ads I NFL Fox Sports","https://www.youtube.com/watch?v=Tx2DPYeVngw","0.371","Watch all the BEST 2026 Super Bowl LX ads I NFL I Fox Sports","https://www.youtube.com/watch?v=YwKKLYXKMhI","0.35","This is Josef Newgarden | OFFICIAL Promo (2025) | INDYCAR on FOX","https://www.youtube.com/watch?v=PXn1l-R7uPY"
"super-bowl-2025-ispot-tzme","2025","FOX News Channel","The Moments That Matter","https://www.ispot.tv/ad/TZME/fox-news-channel-super-bowl-2025-tv-promo-the-moments-that-matter","https://www.ispot.tv/events/2025-super-bowl-commercials","https://www.youtube.com/results?search_query=FOX%20News%20Channel%20The%20Moments%20That%20Matter%20super%20bowl%202025%20ad","0.434","Kid Rock teases SURPRISE performance at Super Bowl halftime #foxnews #news #us #fox","https://www.youtube.com/watch?v=LoelB82RvCc","0.405","WATCH: Shirtless man sprints onto field during Super Bowl #foxnews #news #sports #nfl","https://www.youtube.com/watch?v=mGug7A4zUbo","0.198","Bad Bunny & Lady Gaga at the Super Bowl halftime show? We like it like that. (Apple Music/NBC/NFL)","https://www.youtube.com/watch?v=SAwWgnMBgpU"
"super-bowl-2025-ispot-tzms","2025","Tubi","The Z-Suite","https://www.ispot.tv/ad/TZMs/tubi-super-bowl-2025-the-z-suite-featuring-lauren-graham","https://www.ispot.tv/events/2025-super-bowl-commercials","https://www.youtube.com/results?search_query=Tubi%20The%20Z-Suite%20super%20bowl%202025%20ad","0.96","The Z-Suite Super Bowl LIX Promo I A Tubi Original","https://www.youtube.com/watch?v=0dI6VkSGOvY","0.86","The Z-Suite | Super Bowl LIX Promo (Extended Cut) I A Tubi Original","https://www.youtube.com/watch?v=OO2g9agpMB0","0.613","Tubi Super Bowl LIX Teaser","https://www.youtube.com/watch?v=ICVfkSQ1Pkc"
"super-bowl-2025-ispot-tzrg","2025","FOX Nation","Martin Scorsese Presents: The Saints","https://www.ispot.tv/ad/TZRg/fox-nation-super-bowl-2025-martin-scorsese-presents-the-saints","https://www.ispot.tv/events/2025-super-bowl-commercials","https://www.youtube.com/results?search_query=FOX%20Nation%20Martin%20Scorsese%20Presents%3A%20The%20Saints%20super%20bowl%202025%20ad","1.237","Exclusive Teaser: Martin Scorsese Presents The Saints | Fox Nation","https://www.youtube.com/watch?v=qpAYSnauYPU","1.237","'Martin Scorsese Presents: The Saints' Extended Trailer | Fox Nation","https://www.youtube.com/watch?v=6x4lk8eygfA","1.13","Martin Scorsese Presents: The Saints Season 2 Official Trailer | Fox Nation","https://www.youtube.com/watch?v=jcZfnh5h2Jw"
"super-bowl-2025-ispot-tzrm","2025","FOX Nation","Martin Scorsese Presents: The Saints","https://www.ispot.tv/ad/TZrM/fox-nation-super-bowl-2025-martin-scorsese-presents-the-saints","https://www.ispot.tv/events/2025-super-bowl-commercials","https://www.youtube.com/results?search_query=FOX%20Nation%20Martin%20Scorsese%20Presents%3A%20The%20Saints%20super%20bowl%202025%20ad","1.237","Exclusive Teaser: Martin Scorsese Presents The Saints | Fox Nation","https://www.youtube.com/watch?v=qpAYSnauYPU","1.237","'Martin Scorsese Presents: The Saints' Extended Trailer | Fox Nation","https://www.youtube.com/watch?v=6x4lk8eygfA","1.13","Martin Scorsese Presents: The Saints Season 2 Official Trailer | Fox Nation","https://www.youtube.com/watch?v=jcZfnh5h2Jw"
"super-bowl-2025-ispot-tzry","2025","FOX","Lucky Season","https://www.ispot.tv/ad/TZry/the-masked-singer-super-bowl-2025-tv-promo-lucky-season","https://www.ispot.tv/events/2025-super-bowl-commercials","https://www.youtube.com/results?search_query=FOX%20Lucky%20Season%20super%20bowl%202025%20ad","0.413","Watch all the BEST 2025 Super Bowl LIX ads I NFL Fox Sports","https://www.youtube.com/watch?v=Tx2DPYeVngw","0.371","Watch all the BEST 2026 Super Bowl 60 ads I NFL I Fox Sports","https://www.youtube.com/watch?v=YwKKLYXKMhI","0.28","Cardi B, Spike Lee, Jamie Foxx Support Bad Bunny Halftime Show Performance | Super Bowl 2026 | N18G","https://www.youtube.com/watch?v=D3GhHdEn8KI"
"super-bowl-2025-ispot-tzr2","2025","FOX","Hip-Hop's MVP","https://www.ispot.tv/ad/TZr2/super-bowl-halftime-show-2025-tv-promo-hip-hops-mvp","https://www.ispot.tv/events/2025-super-bowl-commercials","https://www.youtube.com/results?search_query=FOX%20Hip-Hop's%20MVP%20super%20bowl%202025%20ad","0.407","Watch all the BEST 2025 Super Bowl LIX ads I NFL Fox Sports","https://www.youtube.com/watch?v=Tx2DPYeVngw","0.363","Watch all the BEST 2026 Super Bowl LX ads I NFL I Fox Sports","https://www.youtube.com/watch?v=YwKKLYXKMhI","0.13","All the Official NFL Super Bowl Commercials 2025","https://www.youtube.com/watch?v=pGGJFX51_NU"
"super-bowl-2025-ispot-tzrc","2025","FOX News Channel","For All America","https://www.ispot.tv/ad/TZRC/fox-news-channel-super-bowl-2025-tv-promo-for-all-america","https://www.ispot.tv/events/2025-super-bowl-commercials","https://www.youtube.com/results?search_query=FOX%20News%20Channel%20For%20All%20America%20super%20bowl%202025%20ad","0.484","Watch all the BEST 2025 Super Bowl LIX ads I NFL Fox Sports","https://www.youtube.com/watch?v=Tx2DPYeVngw","0.447","Kid Rock teases SURPRISE performance at Super Bowl halftime #foxnews #news #us #fox","https://www.youtube.com/watch?v=LoelB82RvCc","0.447","Watch all the BEST 2026 Super Bowl LX ads I NFL I Fox Sports","https://www.youtube.com/watch?v=YwKKLYXKMhI"
"super-bowl-2025-ispot-tzrt","2025","Walt Disney Pictures","Lilo & Stitch Super Bowl 2025","https://www.ispot.tv/ad/TZRT/lilo-and-stitch-super-bowl-2025-movie-trailer","https://www.ispot.tv/events/2025-super-bowl-commercials","https://www.youtube.com/results?search_query=Walt%20Disney%20Pictures%20Lilo%20%26%20Stitch%20Super%20Bowl%202025%20super%20bowl%202025%20ad","0.997","Lilo & Stitch (2025) | Superbowl 2025 Ad Spot | 4K | Walt Disney Pictures","https://www.youtube.com/watch?v=_z3CtV-DlF8","0.747","Lilo and Stitch Super Bowl commercial","https://www.youtube.com/watch?v=F3Ovhe61DGE","0.55","Lilo and Stitch | I Coming Summer 2025","https://www.youtube.com/watch?v=1iEE5E3xx8c"
"super-bowl-2025-ispot-tzr1","2025","Paramount Pictures","Mission: Impossible - The Final Reckoning Super Bowl 2025","https://www.ispot.tv/ad/TZR1/mission-impossible-the-final-reckoning-super-bowl-2025-movie-trailer","https://www.ispot.tv/events/2025-super-bowl-commercials","https://www.youtube.com/results?search_query=Paramount%20Pictures%20Mission%3A%20Impossible%20-%20The%20Final%20Reckoning%20Super%20Bowl%202025%20super%20bowl%202025%20ad","1.03","Mission Impossible: The Final Reckoning (2025) | Superbowl 2025 Teaser | 4K | Paramount Pictures","https://www.youtube.com/watch?v=Td5deFKuLFA","0.867","Mission: Impossible ‚Äì The Final Reckoning | Official Captioned Trailer | Paramount Pictures UK","https://www.youtube.com/watch?v=GXfl6nyltRo","0.83","Mission: Impossible ‚Äì The Final Reckoning | Big Game Spot (2025 Movie) - Tom Cruise","https://www.youtube.com/watch?v=-1fpv6Y6N6U"
"super-bowl-2025-ispot-tom8","2025","Novartis","Teaser: Paying Attention","https://www.ispot.tv/ad/Tom8/novartis-super-bowl-2025-teaser-paying-attention-featuring-wanda-sykes","https://www.ispot.tv/events/2025-super-bowl-commercials","https://www.youtube.com/results?search_query=Novartis%20Teaser%3A%20Paying%20Attention%20super%20bowl%202025%20ad","0.512","Novartis Super Bowl Commercial 2025 Teaser Hailee Steinfeld, Wanda Sykes Your Attention, Please Ad","https://www.youtube.com/watch?v=2NpufOByFFU","0.455","Novartis Super Bowl 2025 Commercial Tease with Hailee Steinfeld","https://www.youtube.com/watch?v=gk8QYliTFo8","0.447","hailee steinfeld for novartis in super bowl ad","https://www.youtube.com/watch?v=9g-vpKfnbu8"
"super-bowl-2025-ispot-tics","2025","SKECHERS","Pre-Release: Side Hustle","https://www.ispot.tv/ad/TIcS/skechers-hands-free-slip-ins-super-bowl-2025-pre-release-side-hustle-featuring-andy-reid","https://www.ispot.tv/events/2025-super-bowl-commercials","https://www.youtube.com/results?search_query=SKECHERS%20Pre-Release%3A%20Side%20Hustle%20super%20bowl%202025%20ad","0.455","Skechers with Andy Reid - 2025 Big Game Ad","https://www.youtube.com/watch?v=6g3s16dPsik","0.455","Skechers with Andy Reid - 2025 Big Game Ad","https://www.youtube.com/watch?v=ZNjKm-PMf6o","0.441","Skechers Andy Reid Super Bowl Commercial 2025 Big Game Ad","https://www.youtube.com/watch?v=70G8xIbjg08"
"super-bowl-2025-ispot-tinl","2025","FanDuel","Teaser: Eli's Destiny: Bet $5, Get $200","https://www.ispot.tv/ad/TInL/fanduel-elis-destiny-bet-5-get-200-featuring-peyton-manning-eli-manning","https://www.ispot.tv/events/2025-super-bowl-commercials","https://www.youtube.com/results?search_query=FanDuel%20Teaser%3A%20Eli's%20Destiny%3A%20Bet%20%245%2C%20Get%20%24200%20super%20bowl%202025%20ad","0.58","FanDuel Super Bowl Commercial 2025 ELI'S DESTINY (2nd Film) Peyton and Eli Manning","https://www.youtube.com/watch?v=qRhZkhBCBmU","0.552","FanDuel Kick of Destiny 3 Super Bowl 2025 Commercial","https://www.youtube.com/watch?v=LSIHALuy63A","0.53","FanDuel Super Bowl Commercial 2025 Peyton and Eli Manning","https://www.youtube.com/watch?v=aBCEHatSaYI"
"super-bowl-2025-ispot-twxh","2025","Hellmann's | Best Foods","Teaser: Mini Katz","https://www.ispot.tv/ad/TwXH/best-foods-super-bowl-2025-teaser-mini-katz","https://www.ispot.tv/events/2025-super-bowl-commercials","https://www.youtube.com/results?search_query=Hellmann's%20%7C%20Best%20Foods%20Teaser%3A%20Mini%20Katz%20super%20bowl%202025%20ad","0.88","Hellmann‚Äôs Big Game Mini Katz Teaser","https://www.youtube.com/watch?v=tkzdyDT5HtU","0.663","Hellmann‚Äôs Big Game Mini Katz Teaser #superbowl #2025","https://www.youtube.com/watch?v=sxLMQImz3jw","0.58","Best Foods 2026 Big Game Teaser","https://www.youtube.com/watch?v=-IbeUFd7Njs"
"super-bowl-2025-ispot-twj5","2025","Nerds","Teaser: Antique Radio","https://www.ispot.tv/ad/Twj5/nerds-gummy-clusters-super-bowl-2025-teaser-antique-radio-featuring-shaboozey","https://www.ispot.tv/events/2025-super-bowl-commercials","https://www.youtube.com/results?search_query=Nerds%20Teaser%3A%20Antique%20Radio%20super%20bowl%202025%20ad","0.497","NERDS Big Game Commercial ft. Shaboozey | Official :30 | 2025","https://www.youtube.com/watch?v=nwcZ2dxPUo0","0.455","Something wonderful is coming | NERDS Big Game Commercial | 2025 | Teaser (:15)","https://www.youtube.com/watch?v=7Ui7EYeo34U","0.455","Something wonderful is coming | NERDS Big Game Commercial | 2025 | Teaser (:06)","https://www.youtube.com/watch?v=pOYf_Yj6_v8"
"super-bowl-2025-ispot-taev","2025","Pringles","Teaser: Passing the Phone","https://www.ispot.tv/ad/TAeV/pringles-super-bowl-2025-teaser-passing-the-phone-featuring-adam-brody-nick-offerman-james-harden","https://www.ispot.tv/events/2025-super-bowl-commercials","https://www.youtube.com/results?search_query=Pringles%20Teaser%3A%20Passing%20the%20Phone%20super%20bowl%202025%20ad","0.53","Pringles Super Bowl 59 Teaser","https://www.youtube.com/watch?v=_qoTwvHgjS8","0.473","Pringles ""The Call of The Mustaches"" Extended Super Bowl 2025 Commercial","https://www.youtube.com/watch?v=O8C4r62c0XQ","0.45","Pringles | Stuck In :30","https://www.youtube.com/watch?v=aP2up9N6H-g"
"super-bowl-2025-ispot-tax_","2025","Bud Light","Teaser: Not Allowed To Drink","https://www.ispot.tv/ad/TAx_/bud-light-not-allowed-to-drink-featuring-post-malone-and-shane-gillis-song-by-huey-lewis-and-the-new","https://www.ispot.tv/events/2025-super-bowl-commercials","https://www.youtube.com/results?search_query=Bud%20Light%20Teaser%3A%20Not%20Allowed%20To%20Drink%20super%20bowl%202025%20ad","0.58","Bud Light Teaser Super Bowl LVIII (58) 2024 Commercial","https://www.youtube.com/watch?v=24cys5gCFR4","0.566","2026 Bud Light Super Bowl Commercial | Keg | :60","https://www.youtube.com/watch?v=z-P6OzmgCyY","0.484","Bud Light Super Bowl Commercial 2025 ft Post Malone, Shane Gillis, And Peyton Manning","https://www.youtube.com/watch?v=XEHQ7eJ9Ukg"
"super-bowl-2025-ispot-t7dn","2025","Totino's","Teaser: Big Game Teaser","https://www.ispot.tv/ad/T7DN/totinos-super-bowl-2025-teaser-big-game-teaser-featuring-tim-robinson-sam-richardson","https://www.ispot.tv/events/2025-super-bowl-commercials","https://www.youtube.com/results?search_query=Totino's%20Teaser%3A%20Big%20Game%20Teaser%20super%20bowl%202025%20ad","0.53","Totino‚Äôs Pizza Rolls Big Game Teaser","https://www.youtube.com/watch?v=uY7hWEE9pp4","0.53","Totino‚Äôs Pizza Roll Big game Teaser","https://www.youtube.com/watch?v=1aeW2-hzUE4","0.473","Totino‚Äôs Pizza Rolls Big Game Teaser | 2025 Super Bowl LIX  | Super Bowl Commercial","https://www.youtube.com/watch?v=Vbh0HwIROdo"
"super-bowl-2025-ispot-t7sv","2025","FanDuel","Teaser: Eli's Destiny","https://www.ispot.tv/ad/T7SV/fanduel-sportsbook-super-bowl-2025-teaser-elis-destiny-featuring-peyton-manning-eli-manning","https://www.ispot.tv/events/2025-super-bowl-commercials","https://www.youtube.com/results?search_query=FanDuel%20Teaser%3A%20Eli's%20Destiny%20super%20bowl%202025%20ad","0.663","FanDuel Super Bowl Commercial 2025 ELI'S DESTINY (2nd Film) Peyton and Eli Manning","https://www.youtube.com/watch?v=qRhZkhBCBmU","0.663","FanDuel Kick of Destiny 3 Super Bowl 2025 Commercial","https://www.youtube.com/watch?v=LSIHALuy63A","0.616","FanDuel Super Bowl Commercial 2025 Peyton and Eli Manning","https://www.youtube.com/watch?v=aBCEHatSaYI"
"super-bowl-2025-ispot-tlpi","2025","Reese's","Teaser: Scooter","https://www.ispot.tv/ad/TLpi/reeses-chocolate-lava-big-cup-super-bowl-59-teaser-scooter","https://www.ispot.tv/events/2025-super-bowl-commercials","https://www.youtube.com/results?search_query=Reese's%20Teaser%3A%20Scooter%20super%20bowl%202025%20ad","0.91","Reese's Super Bowl Commercial 2025 Teaser Scooter Ad Review","https://www.youtube.com/watch?v=GcYoWXumxrE","0.512","ü¶Ö The GRANDEST Of Reese's Chocolaty üåã Biggest Cup The Super Bowl 2025 Teaser TV Spot, 'Scooter' ü¶Ö","https://www.youtube.com/watch?v=WofpjK-Azts","0.5","Reese's Commercial #3 (2025)","https://www.youtube.com/watch?v=V3rVroK2flo"
"super-bowl-2025-ispot-tltd","2025","Doritos","Teaser: Crash the Super Bowl: NFL Focus Groups","https://www.ispot.tv/ad/TLtD/doritos-super-bowl-2025-teaser-crash-the-super-bowl-nfl-focus-groups-ft-patrick-mahomes","https://www.ispot.tv/events/2025-super-bowl-commercials","https://www.youtube.com/results?search_query=Doritos%20Teaser%3A%20Crash%20the%20Super%20Bowl%3A%20NFL%20Focus%20Groups%20super%20bowl%202025%20ad","1.163","NFL Focus Groups - Doritos Crash the Super Bowl 2025","https://www.youtube.com/watch?v=8Rsf2bheiCU","1.163","NFL Focus Groups - Doritos Crash the Super Bowl 2025","https://www.youtube.com/watch?v=512nHEzjiOE","1.163","NFL Focus Groups - Doritos Crash the Super Bowl 2025","https://www.youtube.com/watch?v=Vuu5feZmkGg"
"super-bowl-2025-ispot-tvy3","2025","GoDaddy","Teaser: Who's That: Back in the Game","https://www.ispot.tv/ad/TVY3/godaddy-super-bowl-2025-teaser-whos-that-back-in-the-game","https://www.ispot.tv/events/2025-super-bowl-commercials","https://www.youtube.com/results?search_query=GoDaddy%20Teaser%3A%20Who's%20That%3A%20Back%20in%20the%20Game%20super%20bowl%202025%20ad","1.2","Who's That - GoDaddy's Back in the Game","https://www.youtube.com/watch?v=Dsph63bmOOk","1.2","Who's That - GoDaddy's Back in the Game","https://www.youtube.com/watch?v=tOG4RDxvvJo","0.83","GoDaddy Super Bowl Commercial 2025 Teaser 1 Who's that","https://www.youtube.com/watch?v=PXqgq1D1cG0"